8,2,-7,1,-5,-15,3,5,-53,-33,0,-2,-4,-10,-27,-1,-50,4,-96,-4,-9,12,-9,20,10,2,7,-36,6,4,-2,-16,9,-1,-5,-3,4,-6,-11,-4,3,6,4,-1,5,6,0,1,7,-16,-27,-9,-4,-4,-29,-2,0,48,-6,-50,2,3,7,14
8,-4,8,7,-7,-17,-7,-7,-24,-10,-1,7,4,-13,-13,-6,10,-7,29,0,-8,-13,0,-28,32,-22,7,6,1,-3,1,35,13,-12,2,-2,8,3,-11,-8,-7,-5,5,8,5,-7,-7,-6,-7,-17,-35,-6,-5,-2,2,-2,-4,-16,-14,7,-1,-8,5,7
1,-4,-4,-5,6,-15,3,6,18,-31,8,-4,1,-16,-122,-7,-23,7,4,-2,-37,-7,-52,-1,-126,6,-1,-125,-7,7,-5,-22,10,-7,-8,1,3,-7,-9,10,7,-6,-3,-1,-3,-1,8,5,7,5,-9,-3,2,-8,3,8,6,-3,33,5,-7,-4,-6,-19
-8,6,4,5,5,-28,1,-8,9,-39,1,14,-5,-21,-52,4,13,-7,20,0,21,-1,11,7,42,-10,-6,14,2,-2,1,-17,16,-15,-10,-8,-2,7,-17,16,19,-3,5,4,-1,-4,8,-7,5,-17,-7,-15,-7,-3,19,6,13,9,-16,12,5,3,-3,5
-7,-5,0,-8,-1,-6,6,-4,-3,-8,-5,3,5,-6,-12,1,2,-7,-19,-7,16,-16,-1,7,8,-6,-6,7,1,7,-1,-12,1,-9,-2,-8,3,8,-3,6,8,-7,-1,-6,-4,-8,3,-4,-6,2,-5,-5,2,-1,6,-3,3,-8,-1,2,-4,7,-6,6
-5,1,-6,-2,-4,32,1,4,-23,25,-4,-6,8,10,-18,-7,-2,5,-17,-7,13,6,-5,-10,-11,-12,3,-4,3,-7,7,6,-4,-3,2,-8,8,-6,-12,-20,-23,0,-1,3,-1,-2,-19,3,4,-25,-19,-2,1,7,-2,-7,-14,7,-20,1,-4,-7,2,-1
0,2,-3,3,1,12,-3,1,-32,2,5,-6,2,5,20,-1,-13,-1,-29,-2,2,-23,-14,-6,-26,15,-6,-4,-8,6,3,6,-7,10,11,7,-5,4,18,-4,-13,4,-2,8,-4,-2,-12,-5,8,5,-50,13,-6,6,4,5,-4,27,-36,-3,2,2,2,14
4,-1,-1,-1,0,11,-7,-5,-19,0,8,-6,7,3,13,6,-9,-5,-1,1,-16,-3,-5,-4,-56,13,5,-5,6,-1,-7,3,-8,8,10,-3,6,-8,-3,-8,-18,-6,7,0,0,5,-2,4,-5,-4,-29,7,-2,-3,-6,-6,-9,17,3,-6,-1,-3,-2,-25
5,1,7,6,3,8,-5,-2,-5,-8,1,8,-1,0,-49,4,12,-4,-43,-6,14,18,17,-8,-33,-10,5,0,5,4,-2,-10,8,0,-1,-2,-3,6,-3,4,40,-7,4,4,1,-3,-8,2,-6,-12,-6,-6,-3,-6,14,-6,6,25,-5,8,1,8,-2,-3
2,0,-6,1,-2,-31,-6,1,21,-47,8,9,7,-30,-16,-6,-2,4,-18,-3,12,-2,5,7,-72,-14,-3,18,4,-3,-7,-35,9,-18,-15,6,1,-7,-21,8,3,-3,2,2,6,6,9,0,6,-19,-25,-14,5,5,0,-3,1,1,-26,11,-4,-3,7,12
3,0,0,4,3,2,0,5,-20,-80,6,14,-5,1,-68,-3,20,2,-5,7,-18,-16,10,-15,13,-20,6,-9,-2,-5,-6,0,21,-4,10,-3,3,5,-14,30,3,3,7,5,-7,4,-6,3,6,-5,0,-7,6,1,-7,-2,-3,21,-6,-1,4,3,2,9
-1,7,1,-8,3,19,-4,4,-22,23,3,-10,5,9,11,-5,-17,-1,4,-6,-22,20,2,-12,-29,17,-8,5,-2,-5,-4,9,-6,10,11,6,5,1,12,-3,-1,-3,-2,-4,6,-8,-5,-2,7,18,-12,9,6,-8,-11,-4,0,-6,17,-1,1,-8,4,17
-7,-8,-7,1,-2,19,-2,-7,-2,18,7,-14,-1,9,34,2,-12,2,-20,2,-17,11,-8,-8,-22,17,1,0,6,6,-7,3,-9,18,2,3,4,5,-2,-15,-11,6,7,8,5,-6,-20,-6,-5,-63,-20,4,-3,4,-12,2,-13,-5,-50,-7,5,-2,1,27
2,-6,-5,-6,7,8,-2,-4,-28,7,-5,0,-2,9,29,7,0,8,-41,-6,-1,9,1,1,-16,8,2,3,-6,-3,8,-15,-10,9,-2,-5,0,-5,16,-21,-34,-4,-5,3,-4,2,-16,-6,-1,-60,-26,13,-5,-4,-20,1,-25,7,-56,4,0,6,-5,10
7,4,4,6,-3,-14,6,2,13,-19,-1,2,6,-6,-22,-1,-46,-7,-127,-7,8,6,-7,9,9,-1,1,-3,-3,-1,6,-12,-5,-11,-10,-7,3,-3,-6,-17,-45,5,-4,0,-7,-6,9,-5,-4,-76,-31,-9,-2,6,-104,-4,-30,-35,-64,-56,-8,-5,7,-70
-7,3,-4,6,3,4,-7,-4,-25,-20,7,7,-7,-3,-27,6,11,0,-5,-8,-6,7,-10,7,0,-3,-7,3,-4,1,1,0,-1,1,7,-2,7,-5,-8,37,-13,-2,7,1,4,6,-3,4,-7,-11,-27,0,7,6,12,-4,-1,25,-9,-3,-3,-1,7,9
-3,7,5,6,-2,-1,-4,3,-4,-5,0,1,1,1,-10,4,-2,0,-11,0,-3,-9,10,-11,-2,1,1,-7,-1,3,1,-5,-4,-2,-1,0,-3,1,2,0,39,-1,-5,-2,-3,0,-4,3,-5,-20,-19,-1,-2,-2,-9,4,-3,-18,-12,1,-3,-6,-8,-6
-8,4,7,4,7,14,-8,3,-22,27,0,-5,6,11,15,-7,-2,6,-5,-8,-12,-11,-3,1,-15,3,3,-6,8,6,1,7,-7,6,2,-4,-6,-4,6,-8,-10,-5,5,-5,-1,-3,-3,-5,-1,4,13,6,5,0,-9,8,-6,-9,3,-5,-1,-3,-7,-9
7,2,-1,4,-4,-12,-6,-7,-4,-43,-7,7,6,-4,-42,6,-2,-7,-87,3,-10,-8,3,9,26,-6,5,-2,5,5,-5,-7,3,-23,-19,3,5,7,-9,3,0,7,8,-7,-4,2,-4,4,-6,0,15,-18,6,-6,-7,-5,6,-14,-14,-12,4,-7,-1,12
-1,4,-8,3,-2,-8,-6,-2,-3,-10,0,-1,-7,-4,-67,-1,-16,-2,-96,-6,-7,3,-6,7,19,4,0,-56,5,-4,7,-3,3,-5,-8,2,-5,-4,-6,-13,5,7,-1,-4,1,-7,5,6,7,-11,-32,-4,-5,-2,-17,-5,-1,16,-7,-20,-4,-4,2,11
0,1,-5,-3,3,17,7,8,-31,17,-3,-10,-5,17,28,-3,-13,1,-16,-7,-5,12,2,-7,-34,18,-4,5,3,-1,-7,16,-6,10,10,-8,4,-7,6,-7,-14,-1,-6,-4,4,-3,-16,-7,-4,6,-27,6,0,5,1,-1,-6,-13,7,-5,-6,-1,2,12
2,-1,1,-2,-1,-39,-5,1,6,-63,-1,3,8,-35,-27,4,-1,4,-5,7,11,-2,6,0,-83,-16,6,18,4,5,-1,-46,9,-13,-12,-1,6,3,-13,-4,-1,3,3,4,5,7,12,0,-1,0,-24,-13,-7,-1,2,2,-3,-15,-9,15,-2,-5,-5,8
-4,3,6,8,4,-25,4,-1,-11,-46,-2,5,0,-22,-22,-2,-8,-7,-35,0,12,-17,5,6,37,-16,7,17,2,-2,0,-25,1,-10,-17,5,8,0,-19,6,2,-2,0,-6,-8,-6,0,0,3,-18,-19,-12,2,1,-1,2,8,8,-20,3,5,3,-1,-7
1,-1,-4,7,3,5,-3,0,-22,23,6,1,5,-2,4,-6,4,-5,54,-5,-1,-35,-3,11,4,-8,-3,-3,-5,2,-2,-14,2,-6,-11,-1,2,2,-14,0,-2,-7,6,4,4,8,2,-8,-4,-20,2,-3,4,7,1,-7,-1,-6,10,0,-7,-6,6,-1
8,-7,-1,-6,8,9,0,8,-16,11,-8,-5,-6,10,21,-4,-7,5,10,-7,-3,3,-6,1,-13,5,-1,-4,-7,2,3,12,-5,6,2,-7,4,6,6,-4,1,5,-6,5,-8,-7,4,-1,7,5,11,3,5,7,-8,-2,-5,-58,5,-8,7,3,7,16
6,3,3,-7,-1,-15,8,3,1,-7,0,-1,-5,-10,-16,6,11,-8,-29,-5,-10,-23,-3,8,3,-11,1,-1,3,-6,0,-7,0,-5,-15,-7,4,-7,-11,-5,-4,2,2,2,1,5,-4,-6,2,-35,20,-7,-5,3,-17,7,-1,4,-27,-2,-6,0,-7,-27
6,5,-2,-7,8,-6,-3,-5,8,-3,-5,4,2,-3,-15,4,7,-5,16,0,8,-9,2,11,11,-6,7,-1,-5,-5,2,-4,3,-3,-6,6,5,4,-8,1,3,-6,-5,3,-2,7,4,4,-2,-9,22,-4,3,-5,0,-5,3,-10,-4,-1,3,1,1,-11
-5,6,0,-2,-1,-1,6,-2,-8,16,5,-3,-7,0,-1,3,-5,5,-32,6,-18,-15,-6,1,-18,-1,3,-6,-2,-4,1,-5,-4,-1,-5,-1,8,0,-10,-4,-9,2,1,7,6,3,-1,-3,0,-6,13,-2,4,0,-8,7,-2,-11,-16,-5,6,3,3,-11
8,-5,5,7,-5,-63,2,-4,1,-77,-1,-1,-1,-77,-43,-6,-10,6,-26,0,-15,-8,-37,5,19,-15,4,15,4,-1,7,-85,-2,12,12,-5,1,-8,-1,-26,-34,8,7,1,-7,5,11,-4,-6,-1,-37,-2,-4,4,-38,-3,-22,-12,13,28,7,0,-5,-2
-7,5,7,-8,4,-37,1,3,10,-66,3,14,-2,-38,-41,-5,-3,8,-5,4,28,10,-5,-1,-97,-3,2,27,3,8,7,-27,15,-12,-10,1,-4,7,-23,13,2,-3,-7,-3,-3,-5,17,-6,7,-41,-33,-13,8,-2,7,-8,6,3,-61,18,0,-4,-7,18
-1,-7,4,-3,-5,2,7,8,-16,1,4,0,1,1,-125,2,2,-1,-42,4,-68,-80,-5,-14,-9,-7,-1,7,0,5,-1,3,0,6,-17,-3,-5,-7,-3,-2,-7,6,-5,2,8,-5,5,8,4,-101,-4,-1,-3,-2,-8,-6,-2,-11,-15,-2,-5,-7,-7,0
5,-7,4,8,-6,3,2,3,-4,5,-6,8,-5,-2,14,5,6,3,-20,-5,14,17,24,3,-35,-12,-3,-13,5,4,-7,-8,10,-20,-19,0,-6,-7,-3,0,3,-3,1,4,0,8,25,7,5,12,-11,-11,5,-1,7,2,9,-26,21,6,0,4,-7,17
-7,7,-1,-1,4,-83,8,-1,-39,-74,8,-4,-7,-73,-39,8,7,5,24,-8,-14,6,-8,5,9,-20,2,-22,-7,8,0,-84,-1,-26,-28,-5,7,-6,-63,-16,-2,-3,-8,2,-1,2,-2,-2,3,-65,-23,-13,5,3,-1,-1,1,4,-74,-1,-1,-4,4,13
1,0,-6,5,-8,-15,-1,8,-29,-33,3,-6,-4,-13,-31,0,4,0,-35,1,16,-6,18,-1,13,-13,6,8,-6,-5,0,-17,-1,-10,-21,-2,-5,-2,-13,-7,5,0,-1,0,-3,-3,-8,-7,-3,-8,-12,-7,2,-2,3,-1,1,-6,-10,4,-6,2,3,3
8,-4,6,8,-5,-26,2,-4,-37,-22,0,-12,-7,-30,-45,-8,-17,3,4,-1,-13,23,-17,2,-23,4,5,-92,-1,5,-1,-14,-7,1,3,-8,5,-2,-4,-12,0,7,4,4,-4,-6,-4,-2,-8,-30,-35,-7,-6,4,-11,2,-6,0,-8,-11,-6,7,3,7
6,2,3,-1,6,-18,-7,4,-24,-37,2,2,-3,-8,-60,-5,0,6,-18,-8,-6,-40,-2,-21,15,-9,2,19,-3,-2,-7,-15,-1,0,-29,2,-2,-2,-13,-8,3,0,7,1,-1,-2,1,-2,-1,-78,-13,-2,-4,5,-20,2,-2,-23,-61,-8,6,-2,-5,-13
-7,-3,-5,-2,3,-10,4,8,23,-15,2,0,2,-7,9,1,-9,2,35,-1,4,13,-1,1,17,5,-1,-8,-2,-7,3,-5,2,-3,2,7,-6,-3,-14,2,3,3,-4,-5,-2,7,-1,2,4,-20,-10,-2,-4,6,5,0,-1,18,-8,-2,2,3,-3,2
7,2,-1,4,-4,-1,3,1,1,-40,5,4,-4,0,-23,0,12,5,-16,-8,4,1,4,10,-25,-9,3,1,0,-7,4,-4,0,6,0,-4,6,-1,-2,-11,-10,2,7,-3,-2,-3,-9,-7,-5,0,-21,-10,4,-3,8,-1,27,16,-4,2,7,6,3,-1
4,-5,3,3,-5,17,8,-7,-33,22,1,-4,2,6,38,-8,-9,-5,-14,-4,-6,-18,-10,-9,-44,12,-2,-6,8,-4,-3,4,-5,24,5,-6,-6,5,22,-3,-16,2,3,0,4,4,-10,-8,-5,-15,-39,11,8,1,-4,0,-5,25,24,-5,-7,-1,-4,25
4,-5,7,0,-2,-1,0,-1,15,-6,4,6,-7,-3,-34,-5,2,3,27,0,9,4,10,-5,18,-5,-7,16,-4,-2,-4,4,9,-1,4,-7,0,1,-5,7,6,-5,-4,6,5,-6,1,-8,6,5,-2,-3,6,-6,12,-1,8,-12,-2,7,3,-4,-7,-20
-3,1,3,-6,-8,-18,-1,4,-2,-18,5,-2,0,-10,-50,-7,-23,-7,-121,7,-4,29,-9,11,18,-5,-4,-59,-4,6,-1,-14,4,-17,-14,-1,-7,1,-20,-2,7,4,-5,-1,-2,5,4,-4,-4,-20,-33,-18,0,3,-14,-7,5,12,-24,-24,0,-6,-8,11
-2,2,2,1,7,18,4,2,-33,18,-2,-5,-6,15,32,-1,-8,1,-32,-8,-4,-3,2,-3,-41,22,-2,7,7,1,-5,2,-7,23,3,-2,-5,-2,7,-14,-30,4,6,3,-1,-6,-16,-7,-1,-65,-29,12,-5,-2,-6,-6,-19,24,-35,-3,-4,-6,8,15
-1,7,-7,-3,-7,17,5,0,-5,28,7,-11,4,13,14,8,-6,-5,1,0,-3,-22,-5,-12,-21,5,0,5,1,3,-2,13,-11,13,12,0,-4,-5,13,-9,-18,-2,5,-3,-1,4,-13,2,-5,7,3,13,-5,-8,-1,-4,-14,-7,8,-1,1,-3,0,-19
7,4,-2,2,1,-12,6,-5,21,-68,6,-1,-6,-12,-92,5,-5,-6,13,-1,-11,21,1,-11,-37,-6,-1,-26,1,7,-6,0,-4,-1,4,4,3,8,-16,1,-9,5,0,-6,0,-4,-8,-6,5,-2,-14,-5,-4,0,-20,1,-6,-8,7,-2,-5,7,6,-51
4,-1,-6,2,-1,13,-4,5,-44,30,4,-4,0,4,-7,3,-17,-5,13,-8,-6,12,7,4,-11,5,-6,10,3,-8,-7,8,-10,-3,0,0,7,0,-1,-4,-2,-6,-3,4,7,-4,-1,-4,1,8,5,-3,-8,5,-1,5,-5,-81,6,-6,6,-8,2,17
-3,3,2,-2,-7,5,-5,0,-30,10,-5,-3,0,3,13,5,9,4,11,0,0,10,-4,15,-5,8,1,-21,7,1,-8,1,-8,6,1,6,-3,5,5,-10,-6,0,-1,1,-7,-6,-10,1,-8,7,0,6,-3,-8,2,4,-6,-23,5,-18,2,-7,6,8
7,-7,4,-3,3,1,-6,8,9,-5,2,-2,-8,-6,-16,2,-1,1,8,-6,6,1,8,-1,9,-6,4,-7,8,-3,-1,-11,-19,-2,-3,2,4,8,-3,-22,-45,-2,4,-1,-3,7,-2,-6,1,-10,-2,-3,-8,-8,-21,3,-18,-26,-9,-15,-5,5,3,-15
-3,-5,-8,8,-3,12,-7,-5,6,8,6,-4,2,4,2,8,0,4,25,-5,-12,-12,1,-5,-27,5,7,-6,1,5,-4,18,-1,5,1,8,-6,2,2,-8,-15,-4,-1,6,1,3,-7,1,0,0,-4,3,1,-5,-2,6,-3,6,-8,0,-4,8,4,-20
3,-4,1,-8,3,-3,-3,-4,-6,-8,-5,3,4,5,-3,3,-4,-1,-19,-4,-14,-10,12,-15,-2,1,-2,-14,2,6,3,-5,-7,-4,-2,0,7,-7,3,-1,51,0,-7,8,0,2,-6,-6,2,-21,-27,-1,-6,-5,-9,-2,-6,-14,-13,3,-2,3,8,-12
-6,-4,8,3,3,-16,4,2,-46,-23,-4,2,-8,-11,-1,4,-39,6,-51,-7,-5,15,-7,8,2,-4,-2,-15,7,6,8,-11,8,-9,-1,-8,-7,-4,-9,1,1,4,-1,-4,1,-8,-3,-4,7,-18,-13,-10,-3,2,-21,7,4,32,-13,-41,5,-8,2,0
-6,-2,0,6,3,-18,6,-8,5,-20,2,0,-4,45,-16,-2,7,2,30,1,8,-12,-16,-5,13,-9,2,1,-1,-5,6,-27,2,3,-5,7,-3,1,11,1,-8,6,2,-5,5,-8,-8,6,2,-14,-18,7,4,-7,4,5,-1,11,-22,-3,-2,2,3,-22
1,1,-4,-5,-7,-7,8,-7,3,-1,-1,2,8,-5,-1,-5,-4,2,-19,-8,-3,-25,0,9,9,0,-5,5,-2,5,2,-13,1,-2,-2,5,-3,3,-1,2,-8,-4,-4,-6,3,0,-2,1,3,-10,12,-1,3,4,-7,7,-1,-115,3,-1,-2,-4,8,7
-3,-7,4,-7,-7,-9,-1,-2,2,-13,-7,2,0,-6,-41,-2,-3,-5,-57,-4,2,-31,-4,2,34,-4,-2,22,-2,-4,8,-15,-1,-5,-1,6,-1,5,-1,-7,-9,7,4,3,3,-8,-4,1,4,-8,17,-3,6,3,-31,-2,-2,-7,3,-22,7,6,8,9
-4,0,5,-6,7,-29,-1,7,19,-65,-3,6,-8,-21,-23,8,4,5,-5,-7,4,-2,2,2,-20,-4,-6,14,2,1,6,-7,5,-8,-5,0,-3,4,-17,-10,-5,-2,-7,2,-3,-5,7,8,-4,-27,-17,-7,-7,3,7,6,-1,-9,0,10,8,4,-6,-6
-3,6,5,-3,-4,-30,3,2,37,-51,4,11,-1,-22,-45,-7,3,-1,15,-5,22,17,4,-2,-91,-1,-5,21,-4,-3,-3,-16,12,-20,-4,2,-6,0,-12,17,20,3,-7,7,-2,0,5,1,4,-17,-25,-18,2,-2,21,1,12,-10,-31,14,-8,6,0,6
3,6,1,-6,6,38,-4,4,-35,42,-5,-18,4,22,46,-2,-25,4,-26,-6,-16,11,-5,-19,-72,27,-6,-2,5,5,5,11,-16,14,9,-2,4,2,18,-15,-30,3,7,1,2,5,-23,0,1,32,-48,17,-4,6,-7,-5,-15,-8,25,-11,-6,7,-5,26
-5,-2,1,8,-5,-3,-2,-1,1,3,5,-5,-7,3,5,6,1,-4,42,2,-3,15,0,-13,7,2,0,4,4,7,-1,-9,-6,6,-5,-1,4,1,16,10,-4,3,-6,5,-3,3,-12,-6,-5,0,9,0,-1,4,-12,-2,-4,1,-1,6,1,0,-2,-7
5,1,0,6,0,8,3,1,-26,5,-7,-9,8,10,19,2,-13,-5,-14,7,-5,0,-7,-4,-41,-1,7,-2,-5,0,-8,14,-8,7,1,-5,-7,-2,5,-8,-28,-8,1,-1,5,8,-5,2,5,-68,-24,10,8,8,-12,-2,-9,-7,10,-12,5,-2,5,3
-2,7,3,3,6,26,2,-2,-40,26,-5,-15,2,15,35,1,-16,-4,-19,0,-11,8,-7,-17,-46,22,3,4,6,-6,3,10,-11,15,8,0,-4,0,17,-10,-21,6,-4,5,1,1,-19,2,5,10,-44,13,7,-2,-2,-5,-11,8,15,-8,6,4,7,20
-2,-1,1,-6,4,8,-5,4,-13,7,4,-13,-5,8,19,5,-11,-4,-21,-6,-11,-14,-3,-13,-85,8,-2,1,-5,-5,-7,0,-9,9,-12,4,2,4,3,-13,-36,-2,-5,7,1,2,-8,6,1,-127,-30,4,-4,0,-6,-5,-15,-110,-58,-9,-4,0,-3,1
6,-5,3,-1,4,-14,6,1,22,-16,2,8,-3,-15,-10,-8,-2,1,-82,-8,12,17,-4,15,20,3,-3,1,-5,-4,3,-12,5,-8,-15,-1,-2,5,-11,5,4,-1,-1,5,6,4,12,-4,8,-12,-23,-9,0,-7,5,0,4,15,-10,-4,-7,5,8,8
3,-6,-5,6,6,-14,2,8,-3,-27,0,-5,-1,-2,-11,3,1,2,34,7,18,3,2,-16,4,-16,4,3,-5,0,2,-11,2,-6,-7,6,4,2,-4,-3,22,-4,5,2,-7,-6,14,-5,-1,-51,-8,-11,5,-1,9,7,4,-75,-53,0,-5,-6,-3,-3
3,1,-2,-5,-1,-4,5,3,0,-18,3,-1,2,-5,-63,3,-2,3,-60,-5,-7,-125,-3,2,18,0,-5,14,4,4,6,-10,6,-6,-8,-2,6,1,-5,-19,1,-7,-4,-5,-5,0,8,-1,3,-7,-23,-6,3,-1,-2,-1,0,-5,-9,0,-1,0,1,4
-5,-6,3,7,1,-11,-4,6,-10,-10,3,6,-7,-14,6,7,0,-3,-116,4,11,21,-11,7,10,-8,-5,-6,-4,3,5,-18,2,-14,-22,-4,-5,-8,-20,-4,-2,7,7,4,7,-5,14,-3,7,-14,-23,-16,-3,1,-14,-4,-1,2,-19,-7,-4,0,0,1
