-8,-78,-3,-1,-3,-15,7,-3,4,-6,2,-36,2,-16,7,-124,-11,2,-9,43,25,-10,-10,7,43,-13,4,28
0,29,-6,4,-8,0,13,-1,9,-5,1,43,1,18,-8,13,-4,-5,-1,-41,-17,11,12,-7,-51,-59,8,6
3,2,-7,11,-10,-11,-7,2,0,6,-8,-1,9,1,12,-9,-11,1,-5,10,4,10,3,5,3,-9,10,-1
7,14,1,2,8,-2,-1,7,-10,-2,-8,0,-5,-10,-2,37,0,5,-4,8,15,0,-7,-10,18,-71,-12,23
-5,-9,6,-6,-2,-9,-12,5,-7,-7,6,-4,-4,-6,-12,7,5,-5,-2,-9,-16,-11,7,-3,-3,-3,0,6
-3,16,12,-12,-8,0,-6,0,12,12,24,-2,0,-6,-11,4,-8,-5,-7,-10,-7,2,-10,-4,12,41,4,-6
0,18,5,8,4,-2,-3,-2,6,10,10,-9,9,23,-5,-18,-9,2,4,-26,-24,3,5,-9,9,88,-11,0
-5,-77,-9,6,-4,4,-7,-4,-1,-9,0,-5,2,-2,-11,-74,-5,4,-11,24,32,1,1,-5,37,16,7,17
5,7,-1,-10,11,-1,2,12,-7,-9,-4,6,-4,-8,-11,-8,2,-2,6,4,4,3,-5,-5,-2,-8,-11,3
11,4,9,6,6,-12,-14,4,-10,9,3,39,9,-20,-8,17,9,9,0,-17,-2,5,10,8,-34,127,-9,-10
-3,1,-7,-7,1,2,8,-10,-8,9,10,-6,-3,-6,-6,2,-6,0,-1,-11,0,-7,7,-9,3,38,-5,-13
9,-2,-9,6,-10,8,2,3,-7,-9,1,3,2,-8,5,-8,3,7,-9,-7,1,4,8,-5,-11,-1,-6,0
12,4,-6,-1,-1,7,-6,-7,8,8,12,-8,5,5,10,-6,-11,-3,11,-6,4,-5,-10,-11,-6,29,2,-8
6,-96,6,11,4,-4,-11,-1,9,-5,13,-21,5,-8,9,-117,2,-12,7,39,36,-8,-9,3,30,7,-2,25
-11,-19,-3,10,-4,-10,1,-8,-7,11,2,16,-5,2,-4,-46,-7,6,-8,25,26,5,12,-11,19,-15,8,35
5,-9,11,-11,6,0,-7,-11,-5,-3,-7,0,6,2,8,1,-1,2,-12,-5,-2,1,11,8,11,7,-3,-1
4,-4,3,1,1,-6,-7,-8,11,10,0,-6,-1,-4,6,1,-4,1,-7,-6,3,4,-5,-1,-5,6,-2,-1
5,21,8,-9,-7,-20,-40,-8,3,5,-5,-19,1,4,-3,1,-5,-5,4,-47,-9,6,10,-11,20,12,0,43
2,-38,2,10,-5,-4,-28,3,4,1,-3,-37,5,9,3,-13,-5,7,8,21,22,-3,5,10,6,19,-12,31
11,50,-8,-3,6,-4,1,-1,3,2,-5,-23,-7,28,9,-47,4,-4,-1,1,-13,7,8,9,-90,-1,7,-14
8,11,8,6,0,16,31,10,-10,10,-21,16,-11,32,8,-50,-7,-3,9,21,-9,9,5,7,16,-18,5,-38
-4,-4,10,-4,6,18,-4,10,10,8,-50,3,5,-8,-7,18,-2,-10,-1,6,-15,-1,10,-1,-11,-2,-1,4
-7,-2,1,-10,-6,-10,-2,-10,0,-12,-18,-1,1,6,9,-7,-5,4,6,-8,-2,5,-5,0,-6,-10,9,0
6,12,2,-12,9,-1,-18,-1,10,-5,27,-22,-12,1,-11,-31,4,10,0,37,24,-6,3,-8,1,-6,-2,-11
-11,2,-9,12,-4,16,3,-10,9,6,-31,9,-3,4,7,8,-8,-1,-12,3,-12,9,8,-5,-9,-3,-7,0
6,2,10,-9,7,97,67,-4,0,-7,9,36,1,37,-5,-127,6,-9,4,-69,-28,-2,10,-1,6,-73,10,-95
1,6,-8,3,-1,-1,3,-10,11,5,-13,4,-2,-1,-6,9,7,-10,-2,18,-15,5,-5,-6,5,10,2,10
3,-7,-8,-8,-1,22,-6,8,-6,5,-4,9,2,-14,11,7,2,8,-11,0,4,9,-11,-4,4,-1,8,2
8,6,-10,6,7,8,-11,-6,-11,-3,-26,13,-2,-15,-3,11,10,3,-4,0,7,-11,11,9,-5,4,10,-1
2,14,-4,-2,-11,-22,-68,6,-11,10,7,-18,-11,-11,1,-23,1,4,5,-127,-127,1,-9,-3,1,1,-1,-8
5,14,-1,-7,1,45,-123,11,-10,5,12,-35,1,-16,-2,-53,7,1,4,-127,-127,-10,6,10,11,3,-6,3
7,-21,4,-10,-6,-29,-22,8,11,-8,-4,-6,6,7,-1,27,2,-1,6,-127,-114,6,4,2,-2,-5,-4,-9
1,-10,-9,-11,-5,-2,-48,3,9,-3,-26,-43,8,23,-10,21,3,0,-10,-23,20,0,2,-6,27,-24,-11,14
-11,11,5,9,10,-13,-5,-6,-1,12,-2,-6,6,16,2,18,-4,8,-3,-29,2,5,1,-12,8,-7,-4,9
11,-26,11,5,-6,20,-40,5,-1,5,-81,-9,7,-29,-6,29,6,7,-5,-19,-127,6,6,11,-60,-8,-4,-68
8,-28,-3,3,-5,10,-65,9,6,9,-17,12,-3,14,2,-1,11,11,4,-31,-60,8,3,7,-43,17,12,19
-4,9,-10,6,-1,-3,7,9,-9,-8,14,-3,7,14,2,1,-7,3,9,7,9,2,4,2,5,-21,-2,-12
0,18,-9,3,-1,-7,-9,4,-5,-8,-42,8,7,-27,-6,18,5,11,-5,-22,58,-2,10,0,-13,46,-7,92
-11,3,-1,-5,1,17,-12,10,2,4,5,14,-9,-8,-8,7,-2,-5,3,14,8,1,-3,4,14,6,2,-5
7,-18,5,-1,-10,24,-57,6,-9,-9,-53,2,4,-22,4,20,0,9,-4,-17,-82,-3,-1,-2,-89,-19,2,-44
-6,19,-6,-8,11,22,-127,3,-7,1,-124,-10,-5,-23,11,-7,2,9,2,28,-127,12,0,-6,-38,-11,1,21
-9,-3,0,10,4,1,-15,-6,5,-1,5,0,6,2,0,10,2,9,5,6,8,-6,11,-5,-9,14,2,14
-7,-2,-7,-7,-3,-9,-8,-11,6,-5,-7,7,-4,-4,11,-4,-3,11,5,7,6,-10,-6,9,-8,-4,8,-4
7,74,-3,-12,5,3,-120,-9,-2,7,-16,-46,3,-23,7,29,10,2,4,0,35,11,9,2,28,41,-3,11
8,-9,10,-2,-8,17,-6,-4,3,-8,2,-5,-4,-24,-10,-1,-4,5,-12,10,16,-9,-10,-2,-4,21,11,39
-4,-30,-5,-5,7,26,-126,1,5,10,-24,9,4,-9,-2,13,0,-11,4,-40,-127,10,-7,-6,-29,22,-1,8
-8,4,-5,6,3,9,53,-8,4,4,3,3,-8,45,2,-38,-11,9,-8,8,-16,-8,-8,-9,-9,-21,1,-59
-10,7,6,-9,11,-5,7,-11,2,4,3,21,0,31,-5,-5,-2,-2,-3,-1,0,3,7,2,4,-10,-10,-35
-9,16,6,-5,-8,-61,-11,7,-6,-3,38,-40,-10,-82,-5,-8,10,10,10,-39,-1,-7,5,-6,-12,-31,7,-117
-2,-5,10,10,-1,16,0,9,-3,0,-11,2,6,18,-4,-2,3,8,-8,1,14,-9,-10,4,-37,-1,-3,9
3,38,4,8,-4,-88,-42,2,-3,5,28,-19,-6,-127,5,4,-12,-4,-1,-67,-31,8,1,-10,-7,-26,11,-127
5,-2,-2,-10,-7,-39,-30,7,8,10,33,33,-11,-52,5,-6,9,-3,10,-38,38,-3,10,10,-8,14,8,-100
7,-11,-7,-10,0,-32,31,10,-3,8,-41,10,0,0,-7,11,-4,0,10,3,12,10,12,-8,-35,-1,1,-7
-10,-2,7,5,6,-10,-19,-2,11,10,-12,-31,-10,-11,-1,-12,-2,-11,-11,-3,-8,11,-11,7,11,-21,0,1
10,-6,10,4,5,21,-20,-1,10,0,-24,-20,-7,-9,12,-13,9,10,-9,52,86,-8,-3,4,13,-9,-2,38
11,6,2,-9,9,16,15,-3,-7,-1,3,26,4,30,8,16,8,-4,0,-15,-75,-4,4,-1,-3,27,-7,8
6,15,10,-4,3,3,-14,11,11,0,7,45,-6,0,-7,8,9,-9,1,5,-18,10,0,-7,-4,30,-1,-3
-4,4,-7,9,5,-7,13,9,-3,-3,-3,2,6,-1,-7,17,-7,-4,11,10,5,8,-4,7,21,0,-8,-4
-6,-3,-7,6,-3,-3,10,9,6,4,-10,-10,-6,-4,-6,8,5,-3,-12,15,34,5,-5,-10,16,-20,-10,19
4,27,11,-9,0,-21,-2,6,-2,-6,27,43,-1,50,-10,-7,-6,-6,9,-7,-64,-10,-2,-8,-17,39,-1,-35
-2,-3,-5,-4,-4,-6,1,4,-7,7,-4,-7,-3,-8,9,-6,1,9,1,-10,-4,-5,6,3,-7,-5,5,-10
-2,1,7,-5,-1,-10,-2,-8,-10,-1,9,3,7,-12,-8,2,6,11,-12,-5,1,-7,2,6,-6,-8,2,-2
-5,-2,-11,5,12,-39,-14,7,-1,6,23,7,-9,-18,1,0,-12,-2,11,-8,22,-1,3,1,-18,-34,-5,-17
-8,0,-10,6,-10,4,9,-12,-11,12,11,8,4,2,3,3,-5,-5,-10,-8,-23,9,-9,6,-5,12,-2,7
-9,-7,8,8,6,-11,-11,3,-7,0,2,-6,-12,-11,-8,-12,0,6,-1,-9,6,6,2,9,-10,-11,4,-8
9,-11,-6,-2,4,-5,6,-5,-4,-4,-2,-6,-6,2,-5,-8,-8,7,4,-3,-9,-3,3,5,-5,6,-9,6
-4,-2,7,-9,-1,11,-44,-4,10,11,-9,12,9,50,-5,-66,10,-9,-9,2,-11,0,-9,-10,-62,14,2,1
3,-10,1,2,-7,1,2,8,-8,9,14,-2,2,14,-11,-28,8,-11,-9,-11,-10,11,-8,5,9,-4,-12,-43
10,-30,-11,-8,-1,-6,12,3,-6,-4,15,-10,7,-7,0,5,5,4,9,-4,-23,11,-8,-9,-7,-15,-10,-35
-1,6,10,4,2,4,-3,-8,0,-11,4,6,-7,-13,5,7,-3,-5,10,8,-6,5,-2,-1,8,1,-2,7
-7,-9,10,0,2,-6,10,-10,-2,8,5,-2,-11,-8,-9,7,12,9,3,-5,-12,-3,11,11,-4,-9,-9,-11
0,-18,12,-3,10,-11,-10,9,-6,7,-26,-69,5,57,10,50,5,-7,-7,-24,20,12,-1,6,-104,40,-9,-46
7,3,-2,-2,-9,0,-1,3,-8,-1,5,8,-12,2,-5,3,-6,9,11,4,-5,-6,0,7,16,7,2,5
-6,-1,3,5,2,-12,0,3,9,4,10,2,-8,6,1,13,-1,-6,6,5,1,3,-8,-7,3,0,-6,5
11,12,4,8,3,-2,8,-8,0,-6,5,9,8,-7,3,20,6,3,8,2,-3,-8,-8,-9,8,-3,4,-2
12,5,-9,-8,8,-7,-4,-7,-10,-9,-2,-2,-7,2,-9,10,11,-8,0,1,0,9,5,-10,12,9,1,-9
-3,2,3,-6,10,6,5,-9,-8,9,13,5,6,0,-8,22,-3,10,1,-7,-5,-9,-9,-9,11,-7,6,14
2,-5,10,-7,-1,-4,2,-3,-1,10,-3,5,-4,-8,-9,1,-4,-5,-7,2,-6,0,-6,-3,3,1,10,4
-8,-25,5,-9,-6,-33,32,-2,-1,6,30,19,2,-42,6,32,8,-5,7,-14,-19,5,0,1,6,-11,3,-47
-11,-3,0,-1,10,-3,-11,-12,11,12,-3,-1,-8,-9,9,-6,-8,4,-1,-9,1,-7,-11,-8,-6,0,0,5
-11,-4,-11,-5,-10,-11,10,-11,5,10,5,-4,-2,-1,7,-4,11,1,-4,-11,-10,8,12,8,-12,13,2,-39
4,-22,6,-5,-11,-8,30,1,5,-4,-41,48,3,-3,-4,5,-1,4,12,-32,7,-11,0,-11,-83,-13,-9,-33
-1,-12,-6,8,0,-29,22,10,7,7,78,6,-4,-119,6,6,-12,8,-2,-7,30,-9,-5,5,-76,55,8,-38
1,-9,-4,-9,-2,-4,21,-8,-6,-6,11,-57,-6,3,-2,24,-4,-7,-2,-1,24,-4,-5,11,13,-41,7,-3
-2,-7,-6,-2,1,5,-15,-4,-1,5,37,-36,4,-25,-3,2,9,-12,-7,-1,0,4,0,5,-41,14,11,10
-8,-13,-3,12,-9,-6,-1,4,6,-6,-11,18,3,8,11,38,-8,5,-8,20,41,5,-5,7,-6,-8,-8,56
-9,-9,7,11,-11,-17,11,11,4,2,6,13,-11,-12,11,15,-1,-9,-8,-1,11,-3,-6,-6,5,34,-6,23
-12,-8,12,3,-11,-12,6,-10,2,9,4,13,-5,-27,11,3,-11,-11,5,4,12,-10,2,-12,-97,-1,-7,-31
5,31,9,-5,-12,-40,-10,-3,-7,11,-67,-44,0,-97,1,34,-1,11,6,53,13,-2,-7,4,54,42,-4,37
-2,0,-10,-5,10,-11,-9,-7,-5,0,-1,5,-4,-13,-7,-14,-9,6,-12,-8,-12,-10,-1,8,-1,7,3,8
0,20,3,0,3,-25,5,-10,-5,9,-41,-51,-8,-126,-8,3,6,-7,-11,32,20,-8,-8,0,48,69,-8,-43
-7,-5,-12,0,-2,-5,-6,4,9,12,-12,-4,-7,5,7,-9,-8,-3,11,-11,-8,1,12,12,2,6,4,0
-8,4,6,-1,-12,-11,5,8,6,4,9,3,-2,-2,9,7,10,8,-5,-2,21,-1,2,-6,-7,23,7,25
-3,-4,7,-9,11,-21,-1,1,-11,-10,4,-1,-1,-26,-8,-5,-5,10,-10,7,24,-1,-7,-4,-54,5,8,-13
0,-85,8,6,10,-127,-4,7,-3,8,-90,-13,-2,27,11,14,-12,-10,-3,-40,-10,-10,11,7,19,-4,1,58
5,-40,10,11,7,3,-2,7,-5,7,-17,-29,-6,1,5,25,-6,-6,10,4,8,-4,-12,-8,14,9,9,19
4,-9,5,-6,0,-9,-3,-3,9,8,-21,5,-1,-9,0,6,7,12,1,19,7,-1,6,9,42,10,-5,-70
6,-7,-4,-8,10,-12,30,4,0,8,-79,39,10,5,3,-9,11,1,-9,-29,20,4,-12,5,8,4,-6,-73
-7,-10,-11,8,7,8,14,10,8,9,-12,-9,-8,-4,0,-10,4,11,-3,22,8,5,-10,-2,-3,-10,-3,-21
-5,-19,12,10,4,29,6,-8,-7,7,-11,33,-1,-74,5,-23,12,11,5,26,-12,-8,7,-7,15,-1,4,-127
5,8,-10,12,4,-29,-2,4,-12,0,-7,-5,6,2,8,-7,-6,-1,1,-1,-9,-7,8,-9,-1,7,-9,-22
-5,-5,-8,-2,-5,7,3,5,-6,-7,-9,0,-10,-11,0,-12,8,1,8,-1,-4,1,10,4,-12,2,-12,-9
3,3,-10,2,6,13,-7,10,-11,-1,-3,16,-6,-6,-11,-10,-7,3,10,1,11,-5,-9,-10,8,19,8,2
7,-9,11,4,-5,-9,3,10,3,2,-26,12,-8,-2,2,-3,10,7,-1,24,14,-7,-8,8,0,1,-10,-43
10,-9,-9,-9,11,10,0,-9,8,-3,-4,5,9,-6,-7,2,5,-10,-2,34,4,-8,6,-2,21,3,-5,-6
6,3,5,-2,10,-6,-4,12,9,-9,6,14,5,-12,-10,7,11,-5,5,24,-9,-10,6,9,8,21,-11,-13
-5,5,10,-12,2,-13,-6,-11,1,-2,5,2,7,3,-4,0,5,-6,3,-2,-9,-10,-6,-7,4,3,12,-13
-1,-6,5,9,-5,12,14,-3,3,5,17,9,-10,0,-6,6,-2,-2,5,50,10,8,-11,5,27,-16,-6,12
0,20,-8,4,11,-37,3,3,7,9,5,-50,7,-57,-8,7,-6,-12,5,21,44,-4,-9,0,-78,49,2,16
-3,1,-3,3,-7,-13,-6,6,2,-10,-8,-36,-6,3,-3,3,5,-1,0,5,-3,2,-6,5,4,0,6,0
-7,2,-12,-7,-9,-20,-7,10,6,6,-15,-4,11,18,12,-4,4,-2,-3,-32,7,-2,-9,11,-13,4,-7,-23
11,-11,8,-7,5,-2,3,-8,-6,-7,6,-9,-12,6,4,4,-4,8,-2,0,1,2,-7,12,-4,-11,6,-2
-8,-8,6,-2,-6,-14,8,-3,10,-9,9,3,10,-5,-6,0,-8,7,3,-16,8,1,1,8,-19,-18,-11,-11
11,-3,-10,0,11,5,6,9,11,4,-121,10,-8,-13,4,2,-11,-1,-10,5,-9,1,-7,10,-49,2,1,8
-12,3,-8,-12,-11,18,2,2,-4,-3,-65,117,-3,-59,-8,-8,-2,2,-9,-23,22,-4,-5,3,-73,8,-4,-57
-5,10,-11,-6,-7,-12,6,5,-1,3,6,-20,-10,-5,-9,-11,0,-1,-7,-17,11,-6,12,7,-19,7,-6,-1
-2,-6,8,-9,-5,-20,-5,0,4,6,-16,0,10,-7,-2,8,-6,-9,-7,-16,0,-1,-4,-7,-11,17,0,-10
-11,-13,4,-4,-7,5,-16,12,10,4,-8,12,11,3,-4,11,-9,-6,9,21,15,7,-10,4,13,25,-3,5
-12,-6,-8,-6,-2,-9,-12,2,-4,-6,5,8,-6,-9,4,-12,0,-9,-5,9,4,1,-8,11,-1,0,6,-11
-4,-3,9,-7,10,19,2,-4,8,-11,-42,16,1,-12,9,-5,7,1,7,11,4,-10,0,-6,6,-42,-11,-11
0,-7,-2,-9,-1,2,11,5,-6,8,-12,-6,9,-2,1,-6,-9,0,1,10,-7,-11,-11,3,-5,-1,6,-2
-1,-1,5,-11,-11,-1,-22,-5,-12,-5,-24,5,-6,-1,11,3,-11,12,9,29,8,-6,-9,10,2,48,0,30
-5,0,0,7,2,12,-19,8,4,9,-7,17,-12,13,0,-6,-5,8,10,23,24,7,-5,-2,4,17,-9,36
-8,6,11,1,-8,-7,4,-8,1,-7,-1,-3,6,5,0,-11,12,-7,8,-7,5,3,8,-2,2,3,6,-13
4,-4,-8,-12,7,-1,-3,-1,4,3,2,-7,-5,10,-10,-5,12,-3,7,0,1,1,3,0,-2,-5,5,-10
3,-3,-10,9,2,-17,4,6,0,12,14,-14,8,-14,6,1,-6,-9,-8,-2,7,-1,1,8,-5,13,-10,-4
-10,7,8,2,-9,-21,-4,8,-10,8,-14,-34,-12,-6,-2,-5,3,0,-7,-1,-1,-12,7,0,-3,34,6,-6
11,-2,-10,9,-6,-10,-6,2,-3,0,4,-18,12,-17,-2,2,6,-11,-2,7,1,2,10,-12,-23,0,0,22
