-1,-3,-18,2,8,13,-12,-8,-1,-2,-12,-20,-1,-2,8,0,3,-17,3,-17,-3,-6,-7,-4,5,-8,-3,-11,-6,-59,6,-1,-7,6,6,-3,6,-7,0,4,18,-5,-6,-7,17,38,-12,10,31,-13,0,-7,4,1,-4,5,9,2,2,-8,-9,-11,-14,12
8,4,3,4,9,19,6,-12,3,-2,-10,4,6,4,7,4,13,-3,8,-26,-2,6,4,2,5,15,7,-18,12,35,8,7,1,-6,-4,-1,0,-22,-5,-2,12,2,1,-1,6,11,-3,32,27,-30,3,3,-2,4,2,6,-2,0,3,-25,11,14,-7,1
5,4,9,1,7,28,-4,0,-2,-2,6,5,-8,-2,7,6,-4,-13,2,19,1,2,6,-1,-5,-10,8,10,-2,-84,6,4,5,3,-6,-8,2,8,2,4,8,-7,-7,-5,3,-5,1,-2,2,6,6,6,0,6,-2,4,-49,-5,-6,-2,3,9,-4,3
4,0,-1,4,-1,-31,-16,22,-5,0,9,1,2,6,2,-8,-44,-20,6,13,5,-3,4,1,0,-13,4,-14,-50,-18,-1,-7,-3,-1,1,-4,5,2,-6,-7,-57,-5,7,-7,-65,-15,21,1,-25,-4,-1,-6,-4,6,-3,-1,-75,-4,-6,-1,-30,-1,3,-17
6,4,5,1,-9,-10,-55,9,1,1,5,15,-2,-1,7,-1,-79,-39,-3,-7,5,6,3,8,-5,-5,7,14,-52,22,-5,1,5,0,-6,-5,6,-3,-3,6,-5,4,2,0,-14,-1,-21,30,-1,-5,-3,5,0,-1,-4,-7,-37,-1,3,-29,23,-27,-25,-2
0,-2,0,7,-1,-20,-22,-10,7,-7,1,-6,-5,-1,2,-5,8,2,-3,6,-6,3,1,5,5,0,0,-14,9,13,-3,-3,4,8,-4,-4,3,-16,4,5,-4,-5,3,-7,-17,-24,3,-10,-29,1,-6,5,7,2,-8,7,-21,6,-3,-3,-5,5,4,-6
-2,7,4,-4,-2,18,12,-18,0,7,-10,7,-3,-5,8,3,-15,1,0,-17,7,-1,1,3,1,-5,-8,-24,-5,8,-5,-5,-7,7,-6,-7,4,-24,2,2,12,-5,-5,-6,8,11,-19,38,21,-35,1,7,-6,2,6,-5,-2,-2,-7,-15,12,12,-13,-2
2,7,-28,1,-6,-4,3,11,-6,5,-2,9,0,4,4,-8,8,-28,2,-12,1,-6,-4,2,2,-1,3,-7,-23,-6,-6,8,-3,-8,7,-4,-1,4,-6,4,-7,5,-8,5,-15,-13,-22,9,-24,-31,-7,5,3,-5,5,-6,-27,-1,7,-24,6,27,28,10
5,-3,-15,2,-127,-58,-27,-3,-7,-4,-5,-10,-8,-6,6,1,-7,-11,8,12,3,6,5,8,6,-16,7,-6,-15,-95,1,2,-5,3,4,7,0,-53,-2,-6,1,-3,4,-1,5,-1,-34,-12,5,-5,1,2,7,-5,2,-6,-23,-4,4,-10,-14,-11,3,13
6,-8,-3,4,23,13,1,-20,8,1,-12,-13,2,-6,8,2,-1,-6,0,-5,-3,7,-4,-6,5,-15,0,-24,14,-56,-5,-5,4,-7,-6,-1,0,8,5,5,24,0,-1,6,17,11,-9,-29,12,-15,-6,-17,-2,-5,-8,8,11,3,2,-9,-11,9,-6,19
-4,-6,-4,-7,-68,-36,-6,7,-7,4,12,8,6,5,2,0,23,12,-2,-16,7,-7,4,-5,1,27,-2,-13,8,-105,0,1,-6,-3,-1,2,-2,3,-5,1,-19,1,-8,6,-2,7,15,14,1,-21,-4,7,3,-4,3,3,16,5,1,16,1,14,28,-35
6,6,-15,-2,29,20,-15,-17,-6,5,-26,-18,-2,0,3,-2,5,-17,7,-14,-5,8,-5,-3,5,-28,2,-18,-4,-60,-7,1,1,2,5,-5,-1,8,6,3,34,5,8,3,35,29,-15,-27,27,-22,-5,-26,3,-2,0,-7,70,2,3,-8,-25,3,-11,30
-6,-6,4,-3,-97,-9,2,4,-1,-1,-7,-4,-2,-3,-5,5,22,-19,0,-6,3,8,-5,6,4,6,7,8,4,-20,7,-2,-6,5,1,-7,-5,5,-5,-5,-8,-7,7,0,9,12,0,-15,17,-9,-2,-19,5,3,-8,-6,28,-1,-7,-36,17,5,-10,-34
5,-1,-25,-3,6,-21,-17,13,3,-5,6,18,-7,-7,6,5,14,-9,3,12,-3,7,-6,-5,7,12,6,-1,27,-83,-7,-8,7,4,-6,1,4,-23,3,-7,-102,7,2,1,-58,-48,5,-56,-43,11,-4,-36,-7,2,-1,-2,-53,-5,3,-25,-16,14,-13,-28
8,8,-6,-2,-12,-7,-20,-10,-5,6,7,-12,-1,1,-3,-1,7,18,-5,4,-6,-7,4,-6,4,-3,-4,-6,-12,-68,-7,-8,0,4,6,-4,2,-26,4,-2,0,4,-8,0,1,2,2,-16,-2,-11,8,-16,-1,4,2,5,5,1,2,-10,-22,14,34,1
5,5,-2,-2,-2,-16,-34,-1,-4,-5,-5,-4,-7,4,3,8,18,-11,0,-12,3,-6,-4,4,1,-12,-2,1,15,-18,-8,1,3,5,-1,0,-8,-39,2,-2,8,2,0,3,-33,-43,3,-15,-27,-3,-5,2,-5,7,-5,-6,-50,-1,4,-53,1,-19,-3,39
6,-6,-9,-7,-21,5,-26,-11,8,4,-10,-10,-2,4,-6,-3,13,-14,-6,-12,7,-4,-4,-7,-7,4,-3,9,-8,-47,7,1,-6,-2,-5,4,0,-1,4,-3,4,-6,0,-7,1,23,-24,12,20,-3,-2,4,-6,-4,4,-6,-26,-6,-8,-33,-4,-20,-28,10
1,-4,-2,-3,-44,-37,9,-6,3,-5,2,-15,-7,-3,-8,5,0,13,-5,10,2,-6,-7,-2,5,19,-3,-35,4,-4,-7,-4,-4,6,1,-5,-6,-4,-8,1,8,-3,-7,-5,8,-21,-32,-21,-30,-8,2,-7,-7,3,-1,0,-9,-5,6,-18,-26,14,-1,-13
-3,1,12,-5,-8,-12,10,10,5,6,9,10,-6,1,3,3,12,9,5,13,2,-3,-2,5,-5,9,-6,-6,13,30,4,4,-4,3,-2,-3,4,14,2,0,-10,-3,3,4,-14,-40,12,-17,-32,13,-8,3,-1,-8,-4,-1,-43,-1,4,12,7,15,12,-11
-7,3,-10,8,2,7,0,-14,3,-1,-5,-5,-4,1,1,5,17,2,8,-7,3,6,1,3,1,-5,6,-27,13,-36,5,-6,4,0,-2,-5,-5,6,-4,-3,-56,3,-6,0,-42,-23,2,-22,-11,-28,-2,-5,-2,-6,3,-1,-29,-5,-3,-1,-4,-1,-5,-1
-7,7,-3,5,2,4,0,-5,-4,3,1,-2,-4,-6,2,-5,3,2,-6,-8,2,4,-7,0,6,5,-6,-7,4,17,-1,3,7,4,5,0,6,-14,4,6,13,-7,-5,-4,14,16,2,11,14,-21,5,1,6,-1,2,-2,14,-3,0,-9,8,4,-4,7
-8,6,6,-7,-4,-20,15,10,-4,-3,4,5,6,5,2,-2,6,2,6,5,6,5,0,4,5,4,1,-24,6,28,3,2,0,-6,4,-4,-3,13,-1,5,-15,-6,7,-2,-24,-46,9,-22,-43,4,4,-9,0,7,-4,-7,-52,-5,7,0,-3,15,6,-7
8,-7,-14,0,5,-22,11,-21,3,-5,-10,-26,-8,2,-5,-5,-5,-12,8,-19,7,-8,-1,0,-5,-20,-7,-35,-16,5,4,1,0,2,-7,3,4,-19,-1,-8,6,-6,6,8,-24,-31,-5,-26,-16,-9,6,-19,-4,-2,5,7,-36,-1,-3,-12,2,-18,-8,33
-5,-3,7,1,-15,-17,31,25,-3,5,-3,-6,-1,-1,1,6,-11,-4,-5,-13,6,3,5,7,-7,-11,-3,-8,-5,-29,1,0,-7,-7,-5,2,-6,7,7,-6,-8,-4,-3,-8,-8,-9,1,-1,-8,-1,3,-2,-4,-2,3,-1,-1,-8,2,-7,-5,16,-9,-25
-4,-3,8,7,0,3,-13,-13,5,-6,-15,15,-1,-8,0,-3,6,-11,-4,-5,0,3,-6,-1,-2,-21,-4,-16,-2,14,-1,-1,6,-2,-5,-2,2,-14,4,-1,-67,6,-3,4,-127,-36,-17,-124,-10,-5,-3,-32,-6,-7,-7,-8,-115,-5,4,-19,-11,36,-9,-1
-6,3,4,-7,-1,-10,0,-3,7,-6,-2,0,6,4,2,-7,23,5,-1,-1,-2,-5,-7,-1,4,-31,-4,-8,19,26,-8,-5,0,-5,0,7,1,-51,-4,-2,-11,3,-5,-5,-16,-20,10,-60,-44,20,-3,-3,2,1,-2,-5,-35,0,7,-6,-8,8,4,13
-2,-4,0,-8,1,-8,11,3,2,-4,5,1,-5,5,-6,7,3,6,5,-2,0,-4,0,2,-4,9,-4,-4,5,29,-4,3,0,-4,-6,-2,0,2,-5,-1,-20,-8,-5,4,-19,-21,-3,14,-24,-5,0,16,6,-4,-7,-1,-23,8,-3,6,4,-5,1,-3
-6,-6,-4,6,-33,-26,-11,7,8,1,12,3,-8,-3,-7,4,27,16,4,-15,-8,2,4,5,-1,24,1,-18,14,-109,0,-3,2,-1,-7,5,6,-7,2,7,-4,-6,2,1,-5,0,20,11,-6,-11,6,7,-7,-7,8,-7,-22,2,3,15,3,14,26,-14
2,-7,-8,2,-14,-12,3,11,-4,-3,1,2,6,-8,4,-8,-6,2,-6,16,-3,8,6,-7,4,6,8,-12,0,-16,5,6,-8,-1,0,-2,0,-53,-1,1,-11,1,-2,-2,-29,-34,-39,12,-50,9,-2,4,7,0,0,0,-40,-7,-3,3,-7,-11,3,-16
3,2,-21,-4,-126,-125,20,-7,2,-1,-7,18,-4,7,-6,7,3,-29,7,15,-5,3,1,7,-4,1,3,-6,-15,-70,7,3,-6,-5,-2,-4,-6,0,-6,0,-26,-4,-2,7,-17,-29,-21,-37,-34,5,-1,1,-5,-3,7,-5,-19,-7,-1,-30,-23,20,12,-9
0,-5,3,1,-9,-5,-5,-2,-4,-2,-10,-4,1,3,-3,3,-2,-11,-4,-2,0,4,5,5,7,-14,2,-1,0,-23,-3,5,-2,7,1,0,3,3,3,1,-6,-2,4,-4,0,-3,-3,-21,1,-10,6,-12,-1,7,4,-6,14,-8,0,-3,-2,4,-3,-3
-2,-5,12,3,-4,-9,-67,11,5,4,5,17,5,-3,0,-6,-68,-42,-4,-4,6,-2,-5,1,-7,-8,-6,15,-42,27,-4,3,4,2,3,-2,-6,-5,-7,1,-4,-4,6,6,-17,-2,-25,34,-3,-2,7,7,-3,-1,-2,3,-78,3,7,-34,27,-21,-27,-18
-4,-1,18,-8,-8,-10,24,17,-4,1,14,7,7,3,0,-4,18,23,2,22,-7,-5,-4,3,-1,11,-3,-36,22,57,3,4,0,4,-4,-6,3,29,-6,-7,-20,3,-1,5,-22,-60,23,-32,-55,17,6,-5,4,-5,4,-4,-40,2,5,25,-4,24,22,-17
-3,3,-2,5,13,2,0,-19,-6,-2,-8,-13,4,-8,7,-6,14,-2,5,-7,-7,7,-3,5,3,-8,-8,-19,19,-42,5,7,-3,-5,7,-4,2,-2,7,-4,-17,1,-4,7,-12,-2,2,-36,5,-16,-7,-9,-6,-3,5,-6,-16,7,2,-19,-5,-7,-5,12
-1,3,4,7,-64,-60,-2,-3,2,6,6,1,2,0,1,-3,-23,-68,-5,-10,8,-1,7,1,-5,-16,-7,-3,-29,17,-1,-7,3,-3,5,6,8,-4,5,-4,-40,-5,-2,0,-124,-12,2,-20,-15,-5,2,-2,4,-3,-1,-5,-56,-7,-8,-16,-7,8,1,-26
5,1,3,1,-71,-33,-25,-127,1,2,2,0,-6,-6,2,4,17,-5,-6,9,-5,6,-3,0,-2,2,1,18,-24,-61,8,6,-4,6,-3,-1,-5,-26,7,-3,-86,7,-1,-3,-64,8,23,6,10,3,2,-29,6,-7,6,3,-52,-7,1,-46,-125,-29,1,14
2,3,-3,-1,-35,-18,25,-6,-1,-1,-4,-5,0,-2,-4,2,-7,6,-2,-10,-1,5,7,0,-5,2,-2,-16,-3,-23,7,5,1,2,-3,7,-4,-22,7,-5,-15,-2,3,8,-5,-4,4,-10,-2,-20,-5,6,-1,-2,2,8,-8,4,3,-7,-5,-16,-6,17
2,0,-13,-4,-4,-22,-53,24,0,-4,-6,-3,2,6,5,6,-127,-4,-5,17,-3,2,-1,1,1,20,4,-20,-73,-19,-6,3,-6,8,-2,6,6,-2,-7,3,-54,-5,-7,-5,-46,-44,34,-15,-54,-7,-1,-9,1,-2,5,3,-72,-7,-1,-11,-10,-6,3,-27
7,6,6,4,-2,-8,-15,4,3,5,3,5,-6,-7,0,-8,12,-10,-4,8,-3,2,3,7,-2,8,-7,-8,8,32,8,-7,5,-3,6,0,7,-8,-4,3,-13,4,-4,7,-24,-26,5,-6,-21,3,-1,6,0,7,5,0,-32,5,7,2,8,9,8,-11
5,0,11,1,46,-53,24,11,-7,0,-4,16,-2,7,3,5,3,-12,7,12,-2,-8,0,-3,8,-1,0,-18,7,-22,7,-5,3,-6,8,-1,5,23,3,3,-17,4,-6,8,-11,-41,-1,-20,-39,0,-5,-13,0,2,6,-4,-48,2,-4,-8,-15,11,3,-36
-2,4,33,2,7,-75,-9,11,3,4,-6,11,6,7,-7,4,10,-24,-3,1,5,4,0,-8,-6,-3,-8,-22,6,-79,-6,-7,0,-5,-2,7,0,-9,8,5,-26,2,-1,4,-23,-37,-3,-23,-37,5,8,-13,1,-7,-2,0,-13,5,-3,-22,-27,16,-7,-18
-3,-5,-4,1,-2,-8,-8,-7,6,-2,-6,-3,7,4,-4,-7,-11,10,-1,-5,3,-4,-5,2,2,-9,-2,-10,1,-22,3,3,-7,-7,-7,-7,-4,-14,8,6,10,-2,1,0,9,8,-3,-6,7,-18,6,-2,1,-6,6,7,3,3,-7,31,-11,-10,-5,6
6,-7,-1,2,-9,-1,-1,2,3,0,4,1,1,-3,0,-5,-30,4,-8,1,1,-4,7,-3,-6,3,8,-3,-5,39,-1,4,-2,-5,-4,0,-7,-32,2,3,-19,0,6,-4,-23,-34,6,-2,-14,3,7,12,-3,-6,-6,1,-38,-6,-8,5,16,1,-2,-28
-8,-7,12,5,-11,-21,30,-2,4,2,-3,5,2,-6,-2,-5,-8,3,4,-2,7,-7,5,-1,3,-30,0,-11,3,16,1,4,-6,-3,-4,8,-4,-39,-7,-3,-27,-4,5,-8,-80,-59,-1,-42,-59,13,-7,-21,-2,-3,5,-3,-86,3,-2,-13,-15,15,1,11
-6,2,-1,1,-9,-6,-10,7,0,-7,6,12,-6,-7,7,-2,-21,-10,-2,5,5,4,-3,3,0,6,-7,10,-31,11,3,-2,6,6,-1,-3,-7,-3,4,4,-9,-1,2,-3,-12,-10,-3,10,-5,16,-1,7,-5,-3,-2,-5,-85,-4,8,3,13,1,3,-6
2,-5,-7,2,-1,5,-12,-4,0,-4,-3,-4,3,5,-7,-7,-13,-11,-3,-5,5,1,-1,-2,-6,-3,-8,10,-11,-14,-4,0,-3,1,3,6,5,-15,4,-4,3,3,-7,-3,3,25,-9,20,23,0,8,3,-1,-1,6,-2,-61,0,-3,-7,2,-11,-8,-1
-1,-6,8,6,-20,-8,7,-9,6,6,-14,25,-1,-2,2,0,16,-9,-3,0,-7,4,1,-3,1,-13,3,-46,-38,-19,6,7,-6,0,0,6,-6,-19,-3,3,-120,6,-7,3,-111,-9,-3,-23,-27,3,-3,11,0,7,-7,4,-40,0,-6,-30,-21,-3,9,-72
-2,7,0,-3,-24,40,6,-6,-6,0,2,7,-4,-5,-3,-4,-8,1,-4,-7,-1,-6,-1,8,-4,5,-4,0,-9,16,0,6,4,-6,7,3,-7,9,-4,-3,-7,-3,1,2,-17,-24,-7,-24,-17,-11,0,-13,0,-4,-2,-4,-13,-7,4,-3,-18,8,-3,-32
1,2,-11,-3,-4,-24,-38,26,-2,8,-4,0,-8,4,0,6,-101,1,-4,18,7,-6,-1,-3,-1,19,-4,-22,-57,-11,-5,-7,6,3,3,-6,-1,-3,-2,6,-48,-1,-3,-8,-42,-47,36,-19,-55,-4,-2,-9,-2,3,-2,-5,-31,4,-7,-9,-12,0,6,-19
1,0,0,-5,-48,-9,-23,-11,-1,-2,-5,-5,-5,-7,1,8,-36,7,0,-5,-5,3,0,-2,-7,13,1,-16,-33,-3,-6,2,-6,-7,4,-8,-4,3,-3,8,1,-5,3,0,11,15,-6,-9,9,-4,7,0,2,-7,1,3,19,-3,-7,0,-29,-46,9,11
-7,-5,-4,7,17,14,-32,-19,7,3,-26,-14,-4,2,0,5,31,-44,-3,-12,2,-3,4,-8,-2,-17,-4,-22,-6,-31,-7,-2,0,-4,-2,8,-3,-4,8,7,21,-6,7,3,21,25,-8,-17,22,-12,-7,-25,0,-3,-6,-1,16,0,-6,-17,-8,3,-6,13
2,-8,2,-8,5,-16,-48,4,-7,-2,0,4,-5,6,-1,-4,-127,-67,-5,-43,-5,2,-1,-6,4,-84,8,1,-126,8,-6,3,7,-7,8,2,4,-3,-7,0,-2,5,-3,0,-14,-25,9,-10,-26,9,7,6,7,2,-4,2,-22,-2,5,2,-1,17,12,25
-1,-3,-13,4,1,-5,-13,-5,6,-6,4,-10,3,2,-5,1,17,5,5,-15,5,1,-5,4,-4,9,3,-15,4,-47,5,-4,5,-2,-3,-8,3,-8,1,5,12,2,0,3,13,14,18,-4,14,-7,4,-5,1,1,8,-3,28,6,6,6,-4,-3,7,15
7,6,-2,4,11,6,-5,-8,-5,-3,-16,-7,1,2,-5,-5,6,-24,-7,-9,-3,-3,3,6,7,-6,4,-1,11,-13,6,-4,0,5,6,7,0,3,5,5,17,5,6,5,12,13,-14,-18,15,-14,4,-23,2,-7,-7,-3,22,2,-3,-26,6,6,-10,10
-7,-1,0,3,-12,-13,25,-15,-5,-4,-3,-8,3,2,1,-7,-23,1,-7,-8,8,3,2,4,1,-63,-2,1,-3,15,6,4,1,6,-4,2,7,-73,-5,5,-22,7,-6,-5,-29,-71,-4,-122,-63,18,3,-29,6,7,2,-3,-37,7,-7,-57,-15,8,-15,17
-2,2,3,-3,-23,-49,12,10,-3,-1,-6,-13,-6,-8,5,-1,0,-22,3,15,0,-7,8,6,-8,2,-3,-21,7,-97,-7,4,8,-2,1,-2,-3,24,5,-1,-51,1,-3,-5,-54,-53,10,-33,-42,8,2,-2,-1,-5,5,-3,-36,-3,-7,-4,-6,0,-10,-41
3,-4,5,7,-7,-13,-26,6,-1,-5,4,1,6,6,3,-3,-13,-5,0,12,-6,2,-1,0,8,-7,-2,-34,-6,26,-5,-6,-2,-1,3,-5,-7,-11,8,-4,-11,-1,-2,0,-15,-27,-7,-47,-39,-11,-6,-36,-6,3,1,-8,-27,-4,0,-48,-5,18,-21,11
-1,0,0,4,-4,-2,-4,5,7,-5,-6,0,-8,-3,3,6,1,-3,-1,0,3,7,-7,0,-3,-5,-2,-7,-6,1,5,-3,5,2,4,6,4,-4,1,4,2,-7,0,-3,1,-6,-2,-1,-6,-5,0,-1,5,-6,-5,3,-6,-8,-3,-4,4,2,-5,-3
-5,-6,7,-6,-4,-10,8,-9,-8,-5,1,0,2,-2,-2,-4,12,13,-3,-5,3,-5,-2,-7,-2,3,-1,-51,16,-14,8,-4,3,4,-1,8,-5,7,5,-2,-15,-2,-3,6,-9,-38,-21,2,-56,-34,-4,-6,3,3,5,-2,-39,7,6,-21,-27,4,-13,-51
-6,2,8,1,-97,-18,-18,1,-2,2,-1,7,3,-1,2,8,-5,-18,0,8,8,5,8,3,3,-9,6,-3,-5,-25,1,-2,0,1,-3,2,8,8,4,8,-22,-2,4,-2,6,1,-2,-18,7,3,-2,-6,5,-6,6,8,1,4,5,-7,-9,5,4,-35
-8,4,8,5,-1,0,-4,-25,-2,-6,-6,-14,1,4,6,6,-21,0,5,-24,0,1,5,4,-4,18,3,-12,-7,9,5,4,-3,6,0,4,-4,-12,0,-1,-127,2,-4,4,-127,-60,4,-45,5,4,-1,-12,-6,-6,5,-6,-13,1,2,-3,-16,-13,-4,0
-6,1,-22,1,-3,-3,-14,-15,-2,-4,-14,-11,4,-6,-7,6,6,-11,-4,-6,-3,1,6,-2,-5,-27,8,-23,-9,8,-6,3,2,-8,-6,4,2,-25,-5,-7,-22,-6,1,-4,-22,-4,1,-23,-10,-19,7,-6,-2,5,1,-4,-79,4,-5,-6,-10,-6,-2,-27
-6,0,-9,1,2,8,30,-9,-8,6,-4,-17,-7,4,0,2,-12,17,-2,-25,-8,3,-5,0,7,-3,1,-19,-1,-12,-3,-4,6,2,3,6,-4,6,5,1,8,0,6,-4,0,16,-6,1,9,-15,7,0,-5,4,0,5,-22,0,5,4,-13,-8,-3,14
0,-1,5,8,8,-3,13,-1,-1,-3,-1,9,4,8,-4,2,-7,-7,2,19,-7,-2,6,5,-1,21,7,8,-16,-2,4,8,-2,0,-1,-6,4,-10,-6,-7,12,8,-1,-6,-5,-17,-18,-3,-3,-3,2,26,-7,-7,-6,-8,-12,-2,5,-14,-7,-8,-6,-25
