-6,28,1,7,8,2,-8,3,-4,-1,8,1,-6,7,-13,10,-7,4,-4,3,5,-81,5,4,-15,6,-7,-4,14,-20,3,16,-6,-7,-3,-7,-3,8,-4,-1,-4,4,4,-2,4,-6,1,4,-1,-7,-2,-10,-3,9,-5,-20,-9,2,-6,-10,-13,2,0,-4
-7,-4,1,3,-3,-5,9,-4,6,0,2,-6,-12,-3,-8,18,-2,1,1,-1,-4,-33,-6,-3,-7,7,3,-11,-7,-22,-5,-4,8,5,-16,8,2,5,-32,0,-7,-1,-2,16,-7,-3,2,8,-8,6,-3,-15,0,-4,-2,18,0,-2,-5,0,-29,-8,4,-7
3,-20,3,4,-9,5,-12,1,5,8,-4,4,-36,1,13,-4,-1,3,-3,-2,-8,-15,-5,-7,-7,-3,8,-29,6,4,7,-20,3,7,-14,1,-85,3,8,-12,11,4,1,-5,1,-5,-1,5,-25,5,17,7,3,-13,-2,-15,-11,2,-2,6,-5,5,1,4
8,16,5,-3,18,-3,17,-6,-1,6,-8,6,6,-3,15,17,7,7,1,-8,-2,17,-3,-5,1,3,4,10,-23,-4,-4,24,2,0,8,-3,10,-5,-28,12,-4,5,-6,-16,6,-3,-3,26,8,-3,-5,0,-1,14,-3,10,5,8,7,10,-8,-4,-5,3
-4,2,8,-4,8,0,-6,-4,-1,-2,-5,6,-74,7,4,-16,-2,7,-2,-1,-5,14,-4,0,7,6,-2,-23,-14,-29,3,29,5,3,-16,2,-32,5,-16,9,2,6,-3,-33,-2,-5,-5,-11,-19,7,7,19,-1,19,1,12,5,5,4,-16,-4,-3,5,7
2,-1,5,-2,1,1,8,4,3,6,-2,3,-38,6,-22,-8,-7,0,-3,7,-7,-73,7,-5,18,1,-2,-8,2,-27,3,-16,6,3,-5,-3,-1,-7,3,-78,-15,-3,0,-12,-6,-3,-6,-50,1,0,8,13,-2,11,-5,17,6,6,-6,-9,-32,0,-2,-6
1,-9,-3,4,10,3,-6,3,0,-8,-2,2,28,-3,9,-26,-2,1,-6,8,-4,-36,-5,5,8,7,6,-17,-31,7,-1,-24,3,-1,-1,-3,-7,4,11,-6,-2,-1,-5,9,4,-2,5,-10,1,8,-1,14,-6,-12,-8,-28,-13,4,3,4,-8,4,8,-6
-5,-14,8,0,27,3,-15,1,5,-7,4,5,6,4,1,-14,4,6,-5,-4,-5,-7,0,-1,-8,2,-3,-4,29,-41,4,-29,0,-3,-20,7,-13,3,-13,-22,11,-7,-2,3,4,-2,3,-51,-15,0,10,-37,-2,0,-5,22,-5,8,-5,-13,-28,5,7,-5
-2,10,-3,3,19,6,-4,4,0,5,-4,5,-21,1,-10,-20,-1,-6,5,1,0,-28,-1,-5,9,5,5,14,4,-16,-2,-14,-2,1,0,3,20,7,0,-15,-6,1,3,-15,0,0,-5,24,2,-7,-8,-21,-3,-13,4,-42,14,6,5,-2,8,-2,3,-8
3,3,4,3,-9,-3,-4,2,2,-4,-2,1,-88,-8,-1,12,6,-8,7,7,5,16,5,3,5,-3,-5,-6,4,10,-4,7,4,1,-3,5,-6,3,2,-5,-2,-3,-2,-4,0,-5,2,9,2,7,-1,0,4,-1,1,6,2,-2,-6,5,-6,-6,-7,5
7,-4,-5,6,-8,-3,0,6,4,-6,-7,-2,-8,8,6,-5,0,-2,-5,5,-3,-5,8,4,-8,3,0,-5,6,-5,-5,-2,0,-2,0,2,-2,7,-5,0,0,6,5,6,-7,0,-6,-3,-6,2,0,-6,-2,0,5,-7,2,5,2,4,5,-4,-8,1
3,-8,7,-3,-26,-4,-18,3,1,0,-8,1,-9,-6,-20,-7,-3,-6,5,7,-3,-49,-6,0,14,-3,-6,-7,5,-23,0,1,7,-4,-34,-1,-18,6,22,-6,-9,2,4,-11,1,-3,-4,-31,-13,-2,-3,-11,-4,-66,-2,33,-39,7,3,-11,-17,0,-4,2
5,-25,5,-2,-22,6,-31,4,-3,0,-6,5,-13,-1,-4,-15,8,0,-2,8,1,5,-3,2,5,0,0,-20,-2,2,-1,-26,-4,3,-9,0,-4,6,17,-11,2,-4,-5,-17,3,1,4,-9,-14,0,12,-22,-4,-11,-4,2,-4,-1,2,-30,5,-6,1,-1
-7,-6,6,2,-4,-5,-16,-7,-6,-7,8,-6,-18,1,13,-17,-7,-6,-5,-3,1,44,3,-3,11,-4,1,2,21,18,2,-61,6,-2,-7,3,2,-2,-28,-4,3,-4,8,-18,2,5,-2,-8,-3,5,-1,-5,-6,-4,3,1,-1,-5,-4,-33,37,3,1,2
3,9,-2,5,20,3,1,-8,-5,8,4,-2,-1,-4,13,1,2,7,6,5,1,21,3,5,2,6,-6,5,-5,-28,6,-5,-8,7,-7,0,18,-1,-7,-3,-65,3,6,-21,-2,8,-4,-28,9,2,-87,7,1,15,0,-19,-7,0,-8,-11,15,4,-6,4
5,13,-7,4,9,5,1,6,6,0,7,3,-65,8,-31,13,-3,1,-8,0,6,-6,3,3,16,-4,-3,-8,-18,2,-6,1,-2,-5,8,5,2,-7,-25,10,-10,4,2,-41,-4,2,-1,-6,3,-2,-14,-7,4,9,-2,14,16,6,1,-14,-16,5,-1,2
0,-2,-2,-1,-41,6,-16,-1,-4,-2,-5,-1,-63,-5,-21,0,0,-7,3,1,-1,-16,-5,5,7,-7,3,16,12,9,4,3,5,-5,8,0,3,3,-16,-4,0,-4,-1,-39,1,5,-2,-29,-4,3,1,0,-6,-6,6,5,-4,2,-6,-37,-49,-2,7,6
4,-7,-1,-5,-16,-2,-4,6,-3,0,-1,1,15,-5,-5,1,8,2,8,5,-2,21,-7,2,-13,1,-6,-3,-48,-12,5,-4,5,-2,-7,5,-3,5,15,8,-10,-3,-7,9,0,3,2,-63,29,-7,-7,-4,7,-10,-1,-5,1,-5,5,-11,0,-1,-5,1
-5,7,-2,3,21,-4,-4,1,-4,-2,4,3,12,-7,9,-7,1,-8,4,-6,4,9,5,0,-3,-4,-4,32,12,6,8,5,6,-4,-4,1,7,5,-3,2,5,-1,-3,7,6,-3,-7,22,-2,4,7,-9,-8,0,2,5,2,5,-1,9,-2,2,8,1
1,-9,-3,6,-13,-3,2,5,8,-3,-6,-5,1,-2,-8,-28,0,-2,-4,-4,1,-2,0,1,8,5,5,-47,-29,-20,7,-33,1,6,-4,-3,-8,6,1,-7,-4,-6,-1,3,-7,-4,3,-18,-2,-1,-2,20,-1,-3,5,-21,-13,4,0,1,10,7,-8,5
-4,7,-2,5,19,-3,10,-7,0,1,-6,-5,-50,1,-14,10,-1,-4,7,1,2,8,7,-4,13,-1,0,-1,-7,-28,2,5,7,-8,5,-5,8,1,-10,7,-9,8,-6,-26,1,-2,3,-1,12,-2,-5,-10,8,21,7,14,24,-1,-2,-15,2,1,-4,2
0,-24,-2,7,-5,-6,-30,-4,4,6,2,1,-9,-6,8,-3,-6,7,-7,7,-7,24,-6,-8,7,-6,0,-11,18,-15,2,-10,-1,-5,-14,-7,-6,-7,11,-16,16,-4,-5,2,3,8,6,-20,-10,2,21,-33,-8,2,7,-1,-5,4,7,-21,3,6,1,-7
2,-5,5,-7,-6,-1,-3,-2,-1,5,2,8,-17,5,-3,-27,2,-6,1,5,1,-9,-1,1,17,-3,3,-15,5,1,5,-7,5,-2,-13,1,-22,1,8,23,-5,6,5,-4,-5,-6,4,-45,-21,-7,-6,-51,2,23,0,-27,-10,0,-5,-16,-38,7,5,6
-6,-5,0,-3,-9,-3,14,0,7,-3,2,4,-9,6,1,14,1,1,-4,1,-6,-20,-3,7,4,-7,-7,-8,-11,-12,-7,-6,-4,-7,-9,2,-5,-5,-5,-2,-9,1,-1,25,-7,4,3,-7,5,4,-13,7,5,-8,1,-4,-7,-3,-3,9,-8,-6,6,-6
-3,3,2,4,4,8,3,5,-5,-5,1,6,-123,-7,12,13,4,-2,-5,7,5,-4,1,3,16,5,7,-3,-45,13,-7,12,0,1,3,3,9,-5,-20,8,-14,-7,5,-61,-5,-4,-6,-9,-2,-2,-18,-1,0,-3,2,17,18,-7,-4,-23,-42,-2,-4,-1
-7,-11,-7,-6,9,1,-17,-5,-2,2,7,3,-6,-6,4,5,5,-6,6,7,-3,-26,7,-3,2,7,6,4,16,-37,5,-4,4,-4,-15,-2,-14,1,-7,-11,5,-8,8,-13,7,-7,-6,-64,-16,4,5,-56,-5,-5,8,4,-11,-3,3,-18,-33,3,-2,4
5,3,6,-3,2,-1,-11,-4,0,-5,-5,6,2,-1,-17,-40,4,-4,-2,-7,-6,-21,-7,4,7,2,-4,1,24,-42,2,8,0,-8,-16,-2,-6,0,16,-7,-21,-2,-6,-24,0,1,7,-54,-2,6,-32,-53,1,7,-6,9,-11,3,0,-25,-22,4,-3,0
-7,-22,5,2,-42,0,-40,2,6,-4,-1,-6,-4,-2,-7,-6,6,-4,-6,-3,-2,-28,-6,5,9,1,-3,-8,2,-47,3,-23,1,-4,-20,4,-7,4,31,-15,5,-1,2,-9,-1,1,6,-58,-15,-7,3,-59,-5,-21,6,26,-24,0,-2,-25,-14,8,5,-6
5,17,6,-2,-5,0,10,7,4,-7,-4,5,-56,-2,1,-2,1,-3,-7,-1,3,47,-8,-6,-1,8,3,20,33,4,1,16,-5,-2,4,3,18,0,-19,-7,-10,1,-7,-2,-7,-5,4,10,2,-5,-1,-7,6,11,-7,8,7,-5,-6,9,21,3,-5,-2
-1,-5,5,-5,-6,-7,-127,0,3,2,7,-4,-15,1,3,-30,-5,-5,2,2,-7,-1,-1,-3,-116,2,-8,-19,8,-5,3,-14,-2,0,-2,4,-1,7,-1,6,0,-1,2,-4,-6,6,1,-3,0,8,1,-2,-4,4,-8,6,5,6,2,-3,4,-5,0,0
-6,16,-2,7,-3,3,1,-3,-7,5,4,-7,-90,-2,-18,35,-7,-4,4,-3,6,31,7,-4,16,7,3,9,-29,5,4,16,-6,-4,11,-3,6,2,-35,24,-9,-5,4,-62,-3,-8,5,13,13,-2,-18,-8,3,12,-1,23,20,2,-3,-12,-9,-8,1,-1
-1,-7,0,-6,-2,6,-5,-7,-3,1,-6,7,-3,-8,-7,-4,-7,0,-3,-2,-1,1,0,-7,6,-1,-7,-2,-19,-14,-4,22,-5,-7,-5,-1,10,0,8,-9,-9,-2,-7,15,1,0,5,-28,5,6,-13,-2,2,-6,4,-1,-9,-8,-7,-23,7,2,1,7
-2,3,-7,1,7,5,-5,-7,1,8,6,7,22,2,14,-6,-4,-1,-4,-3,5,-8,-3,4,-15,-8,-2,5,35,-21,2,-13,-5,-8,-11,0,-15,-1,-9,-1,6,6,-1,4,-7,7,-7,8,-2,-2,5,12,5,5,3,-14,-6,-2,8,-2,-20,-8,4,-2
-6,-11,3,1,12,-4,-14,4,5,7,-3,-1,5,-1,-4,3,3,4,-6,8,3,-32,3,-7,-14,-4,3,-6,20,-25,7,-20,1,6,-14,0,-12,1,-15,-28,14,-8,-7,13,8,4,4,-58,-18,7,12,-43,5,-6,-2,24,2,-5,-2,-10,-50,6,3,-1
6,-10,3,4,18,3,-21,1,6,5,1,3,7,5,16,-11,7,6,-1,4,-2,-13,-1,6,-16,6,-7,10,24,-32,2,-31,4,8,-4,-1,-12,2,7,-12,16,-5,-2,-2,-3,-7,0,-22,-11,7,20,-18,7,-4,-6,6,4,-4,1,-2,-14,-3,-5,8
1,-1,2,7,8,-5,-5,5,4,-5,-1,2,-24,3,-3,-13,6,-1,-5,-7,3,-6,-7,-4,4,1,4,-24,5,-14,-3,-5,1,3,-27,-5,11,1,-10,-9,-10,-8,7,15,5,6,-7,-43,-9,2,3,-41,-5,-3,-7,7,-13,-7,4,-12,-21,-4,0,-7
6,-1,-1,-7,2,-6,0,-1,0,-1,0,6,-15,-6,-28,-58,-1,-6,-7,-2,-8,-7,-7,-7,3,3,-2,8,-4,-33,-7,2,-5,-2,14,-2,-10,2,-1,11,-1,7,-5,-9,-3,2,-1,-57,26,1,-3,-8,4,-2,-4,0,-11,-8,-3,-12,-1,6,-7,7
1,-10,2,-1,5,-6,-13,-3,2,3,3,7,-13,5,10,2,-6,-3,4,-6,3,-7,6,7,-3,-2,-2,-12,4,-9,5,-4,-5,5,-10,6,5,-7,2,-4,24,6,-1,-8,-4,-6,4,-26,3,-7,-23,-13,-5,-11,2,10,-9,0,2,-24,-7,6,4,-3
6,3,7,4,16,2,-3,-3,-4,-8,8,-1,-10,1,-16,34,-5,-1,1,3,-4,-23,-4,-3,-3,-7,-1,27,-6,-11,3,-7,2,1,17,-2,5,1,-2,5,-8,5,9,8,-2,4,-7,-30,-10,-4,-5,-13,-8,5,-4,-2,-8,-2,3,-13,12,1,-3,8
1,-7,5,-1,14,-1,-8,5,-5,8,-4,4,-8,-5,-9,-12,-3,2,0,-1,-6,5,-1,-5,-12,7,-3,-34,-6,-19,2,-3,1,-6,-11,-3,-12,-2,-5,-9,0,-8,3,-4,7,-6,-6,-17,-5,-3,1,-12,-1,0,-3,1,-7,-2,-7,-4,-21,0,4,-6
1,4,6,-8,-1,-1,3,3,-7,4,-4,-8,0,5,3,-37,6,1,6,-4,1,-2,0,-6,0,-8,8,1,-9,13,-5,-19,2,-3,29,5,-10,6,9,-6,-4,-2,-6,-4,-7,-8,4,16,-5,2,-8,-26,-3,1,-4,-6,-6,-8,3,10,-6,7,2,-3
5,-6,0,4,11,4,-13,-6,-6,-2,2,8,-37,5,-19,-11,2,-6,-5,5,0,-9,-3,0,2,-7,6,-2,-37,-35,7,-13,-4,0,-7,5,-8,-2,-85,-19,-32,5,6,-20,-4,-1,1,-41,1,6,-34,1,8,-10,-1,-45,-38,-3,5,-20,-11,-1,-1,-7
2,1,6,7,-8,-4,10,-5,1,-6,-4,-7,-6,-6,-26,-2,7,6,6,-3,3,14,2,3,0,-2,6,-5,-10,-24,5,-45,-1,6,13,6,4,6,-12,-21,-32,4,-2,-45,6,-7,-7,-21,11,1,-61,17,-2,-5,-5,38,5,7,-3,-23,5,3,5,-8
3,2,7,6,6,-1,1,-1,1,7,-3,4,-61,5,-23,-26,-2,4,-3,5,1,-31,-7,4,10,7,-1,6,-23,-13,-3,-20,7,-4,20,4,0,6,-19,0,-3,-1,-3,-16,5,-3,-2,-27,17,5,-9,-11,-4,8,0,8,2,3,3,-10,-1,-6,4,6
-7,3,5,-2,0,-2,-3,7,-1,-1,-7,-7,-28,7,-11,-24,6,7,3,-1,3,37,-4,-5,-8,-6,4,-6,14,1,-3,19,-5,3,5,7,0,-6,-7,0,-2,-5,7,-15,2,-4,-1,34,2,-5,-8,-3,-2,-3,-7,-2,-1,-8,4,0,2,-3,3,-7
7,-1,-3,-1,-6,6,16,-4,-4,6,2,-5,-94,4,-37,7,-6,5,-6,-3,2,21,0,0,11,1,-5,24,29,-28,3,14,2,-1,11,5,1,-5,-27,3,-12,-4,-5,-18,-1,6,0,24,11,-5,-13,11,-6,16,-6,12,9,-3,-7,1,8,6,5,8
-7,-12,-7,-3,8,5,-14,8,-7,-7,7,-7,6,-1,2,-16,-4,-4,-1,-4,4,-20,1,-7,-5,7,7,-4,18,-35,-4,-14,0,3,-13,-3,-13,-6,-9,-16,3,-6,0,-2,-7,3,3,-57,-15,0,5,-38,-3,5,-5,23,-5,7,-7,-23,-29,-1,7,1
2,-19,7,7,-37,-7,-17,0,-7,-7,7,1,1,-8,-13,-64,-2,8,-5,-3,7,-28,7,-3,12,6,-7,-16,-21,8,2,2,-4,0,-12,0,-4,-2,33,-2,-39,-1,-3,-11,7,5,-5,-41,1,1,-30,-34,-6,-3,-3,-21,6,-4,0,-28,4,6,-4,-3
2,10,-5,-2,-34,4,7,6,3,5,5,-6,22,2,3,6,-1,-5,-5,6,-6,18,-4,1,3,0,0,19,-6,-11,7,21,5,-1,7,-5,9,0,1,7,-5,-4,-3,1,6,-7,0,-18,8,-4,-8,2,-2,9,1,2,6,-3,3,-7,12,-4,7,4
5,-3,-3,-4,-14,-7,-17,-2,-6,-6,0,1,-31,8,13,1,-4,-5,-7,6,-2,20,2,0,-3,-1,6,7,9,-10,-6,-19,7,7,-9,4,-6,6,0,1,6,-1,-7,-8,7,2,-7,-15,-11,4,8,-49,-6,-19,-3,-4,-13,-5,6,-23,20,0,-1,3
7,-7,-7,-5,-6,-7,-14,-4,5,6,-4,-7,0,5,-21,0,6,4,-2,4,6,-28,-3,-8,8,4,-8,-5,-3,-12,-7,-6,-3,7,-7,-2,7,1,30,-2,17,7,1,-22,3,1,7,-66,2,0,-20,-5,-4,10,6,3,-7,-5,-6,-23,-18,5,7,1
3,6,-5,-5,-11,2,-3,8,-2,-5,-5,8,-24,-6,8,1,-5,1,-7,-8,7,-6,8,3,-6,-3,7,-47,23,-6,-4,3,-8,-6,-10,4,6,3,-1,-7,29,2,-8,3,-3,-3,-1,-3,4,5,8,0,4,-3,2,-6,0,2,3,15,5,-6,1,-6
2,15,2,-2,9,6,12,-3,-7,-6,-4,0,30,-6,-10,23,5,-5,7,6,7,19,7,6,10,-7,0,19,-5,-10,0,30,-8,2,10,8,14,-8,-8,10,-14,0,8,5,1,-3,2,-4,12,-3,-15,-10,-6,11,-7,19,12,-1,1,-2,2,-8,7,7
7,5,-1,-5,-14,6,13,3,-4,-2,6,4,24,2,-2,1,1,0,4,-1,5,-26,0,1,10,-3,3,-24,-37,1,0,-19,-2,-1,7,6,5,0,-3,7,-6,6,3,7,2,6,-2,9,11,-5,-8,18,-5,-1,-2,3,2,4,-6,14,-2,3,0,-3
-2,1,-3,4,-1,-1,2,6,4,-3,7,-6,-47,0,-8,-24,-6,0,7,-1,-3,-8,5,1,9,-8,4,27,11,-32,2,-11,-3,-4,22,-4,-11,-4,16,31,1,5,-5,-23,6,4,-6,-2,42,-2,7,-6,-6,3,-4,0,-5,-4,-4,-18,6,5,-4,-5
-4,1,-4,2,44,-3,-2,5,-4,-1,7,-6,-5,-7,-5,9,1,-5,-2,-3,4,12,-6,3,-6,-4,8,-7,13,-8,4,15,-5,2,-10,4,0,-8,-16,-1,-2,-3,-6,1,-3,6,-7,-2,-3,-3,1,-5,3,-3,-5,-3,6,-8,6,12,-42,6,-8,0
6,3,1,5,-1,5,-4,-3,1,2,4,-4,18,1,4,6,5,1,-4,-2,-7,9,-8,-3,7,0,8,14,10,5,2,5,-7,2,0,4,2,2,2,0,-4,5,7,-7,-4,6,-5,-35,1,2,-3,-9,-8,-4,-5,0,-5,-2,2,-8,-14,5,5,-6
7,-1,4,-4,6,-1,6,-6,3,5,2,7,15,4,15,14,-4,3,-4,-7,3,-56,7,7,-1,-7,8,17,14,-7,-4,-20,0,5,6,7,-4,-3,-5,-6,9,1,0,9,7,-1,0,-31,-5,-3,6,-41,8,3,6,8,17,0,4,17,-83,5,3,-5
5,-5,-1,8,-11,1,-7,1,4,-1,4,1,14,-4,11,-15,1,3,-6,-5,8,14,-1,3,19,-7,7,-5,3,16,7,-34,4,5,-12,-1,-14,-2,-8,0,-17,0,-3,-1,-3,5,-2,-19,-11,1,-17,-26,0,-3,4,4,-4,5,-4,-57,51,7,2,-3
4,4,8,-5,-10,-2,7,-4,-7,-6,7,-1,-10,2,-4,-3,-2,-6,0,-2,-6,11,0,4,12,0,-5,-2,-13,8,-7,3,2,6,22,3,2,0,-11,3,-8,-1,3,-3,4,7,0,16,-1,-3,-13,-31,-5,6,0,16,10,7,-4,16,10,2,5,6
6,2,-2,0,7,6,-1,7,1,6,-7,5,-49,6,-22,8,0,-7,7,-5,6,-7,5,-8,7,0,3,-17,-19,1,-7,0,-8,-1,-4,2,-2,-7,-20,9,-15,5,6,-41,7,4,-2,-12,5,4,-15,5,3,-8,0,7,18,-6,6,-26,-18,-7,-2,4
7,7,3,-3,1,-7,5,5,-6,-1,5,-7,25,-3,-28,20,-6,1,1,4,1,-22,4,-2,-7,-5,7,-2,-50,-6,0,21,3,3,6,-3,6,5,-1,-3,-15,-5,-3,-2,-3,7,1,22,20,1,-18,9,4,5,-4,2,6,0,-7,10,5,3,0,-2
-5,-13,-7,-7,-33,2,-15,-4,-6,7,-2,-2,-10,3,-2,-23,6,6,5,0,-5,-27,3,-6,4,4,-2,-4,-1,6,0,-19,-1,-1,-7,-5,-8,7,2,-6,3,8,7,-4,5,-1,-2,-26,-12,2,6,-17,-5,-6,-1,-6,-6,-1,5,-13,-37,-4,6,4
-1,8,-5,-2,32,0,-3,3,-4,-4,6,3,-33,-4,-9,10,2,4,1,7,-7,14,3,-7,6,-1,-6,0,-12,-45,5,31,-5,-7,-5,-2,7,6,-41,0,-15,5,4,8,0,-1,3,-1,11,-6,-18,-20,6,2,-4,3,-4,-2,3,2,-50,-4,-1,7
