1,0,2,1,0,2,-1,-1,-9,-15,-1,11,3,4,6,4,-8,-5,-12,0,8,2,5,5,-7,-7,-2,-4,0,6,5,4,-4,-4,-4,-1,-1,5,5,6,-1,-1,-3,0,5,7,6,6,-2,1,1,6,3,9,6,8,-1,-1,1,1,1,-1,1,2,10,8,7,8,8,7,7,10,8,7,9,11,7,10,7,8,5,8,5,8,8,11,8,6,9,4,7,6,7,7,8,5,5,5,5,4,9,6,8,7,6,7,9,8,9,9,11,6,5,5,7,9,8,12,6,7,3,6,3,5,6,4,6,7,17,11,5,8,5,7,6,9,8,19,7,6,9,7,11,4,11,8,10,7,5,9,5,6,6,5,8,7,7,4,8,5,7,7,3,8,8,8,3,8,6,3,8,4,7,11,7,5,3,8,5,7,7,7,11,6,5,4,5,4,6,6,6,9,23,29,21,15,16,13,11,12,28,20,17,15,14,15,9,8,24,20,15,16,16,13,13,9,19,15,14,12,15,14,14,13,15,13,12,14,14,15,14,13,14,14,15,13,14,14,13,12,16,14,15,14,14,14,14,13,20,19,18,17,18,17,17,18,47,41,31,30,30,26,29,32,40,46,40,37,33,28,29,25,42,39,44,34,36,32,30,26,41,41,41,35,32,27,29,23,42,42,31,33,28,31,29,27,43,39,35,34,29,21,24,20,33,35,34,31,23,29,26,28,36,34,30,26,35,25,22,23,2,0,0,2,-1,0,1,-1,-13,-14,-16,-15,-13,-13,-12,-10,-22,-19,-15,-10,-5,-4,-2,-4,-16,-16,-12,-11,-5,-1,-2,-1,-11,-12,-9,-7,-3,-4,1,0,-10,-10,-6,-7,-2,-5,-1,-1,-10,-11,-6,-8,-1,-4,-2,-1,0,1,-2,0,2,2,-1,2,2,0,0,1,-2,1,-1,-1,-2,-1,-3,-1,-1,-4,-2,-1,-2,-1,-4,-6,-4,0,-6,-1,-4,-12,-4,-7,-6,-5,-4,-5,-8,-7,-7,-8,-5,-6,-5,-4,-6,-8,-9,-8,-5,-6,-5,-6,-7,-6,-7,-8,-5,-6,-5,-5,-8,-7,-6,-8,-5,-5,-2,-4,-6,-6,-3,-2,-3,-3,-6,-6,-7,-6,-7,-4,-6,-8,-8,-5,-7,-7,-7,-9,-3,-6,-6,-5,-8,-10,-7,-8,-9,-6,-10,-5,-11,-10,-8,-12,-6,-10,-6,-7,-8,-7,-9,-10,-8,-10,-9,-4,-6,-10,-9,-7,-9,-8,-12,-8,-9,-9,-7,-8,-8,-6,-7,-9,-10,-11,-12,-8,-11,-11,-14,-12,-13,-11,-11,-10,-11,-14,-13,-12,-13,-13,-12,-12,-11,-11,-14,-10,-15,-15,-13,-14,-12,-14,-13,-13,-20,-18,-16,-16,-11,-13,-15,-13,-17,-17,-15,-16,-12,-13,-13,-15,-19,-16,-18,-14,-13,-13,-11,-11,-17,-18,-15,-16,-11,-12,-10,-7,-19,-20,-20,-8,-15,-24,-24,-26,-24,-17,-22,-16,-22,-29,-28,-23,-27,-24,-22,-20,-18,-20,-23,-22,-26,-33,-26,-25,-27,-26,-28,-21,-22,-31,-28,-30,-22,-28,-22,-21,-23,-19,-24,-25,-25,-24,-24,-22,-25,-25,-24,-22,-20,-22,-21,-22,-28,-23,-21,-23,-18,-20,-23,-20
2,-2,1,2,1,-2,-2,1,8,6,6,8,10,8,9,8,8,7,8,9,8,8,10,8,6,7,7,7,5,8,7,6,5,6,3,3,2,1,4,5,1,-1,-2,-4,-3,-3,0,0,-4,-9,-4,-5,-8,-9,-25,-1,-2,2,-1,-2,0,2,-1,1,13,15,15,14,14,13,14,14,15,13,16,17,17,16,14,15,14,14,11,14,13,12,13,12,15,11,13,11,12,10,11,11,12,9,11,9,10,10,9,10,10,9,10,9,8,8,7,6,9,9,5,7,6,8,7,5,-3,6,6,6,6,3,4,0,13,12,11,13,12,11,13,14,12,11,12,12,12,12,12,11,12,12,12,12,11,11,13,10,11,10,10,11,10,10,10,10,11,10,10,10,9,10,10,9,11,10,9,9,8,8,10,12,11,8,7,8,8,9,8,10,11,10,9,8,9,9,11,10,23,25,24,22,22,24,21,24,24,22,22,22,22,21,19,22,21,21,21,21,22,21,22,20,22,23,24,23,24,23,23,23,22,22,22,22,21,22,23,22,21,23,22,22,22,22,24,22,20,19,21,21,22,21,21,21,20,19,20,21,21,21,20,20,39,45,44,43,41,38,33,38,38,39,40,42,40,36,36,18,40,37,34,36,36,33,31,33,40,41,36,28,28,-30,28,32,35,36,-64,-41,-33,3,-2,28,35,-63,-70,-56,4,-19,-6,28,-37,-37,-80,-47,-14,30,-3,7,-34,-74,-37,-22,19,26,-17,-24,0,1,0,-1,-2,2,0,1,-11,-11,-10,-9,-10,-9,-11,-13,-3,-7,-3,-5,-2,-4,-3,-5,-2,-5,-3,-5,-3,-4,-1,-4,-3,-6,-3,-5,-3,-5,-3,-4,-2,-5,-1,-4,0,-2,-2,-4,-2,-3,-2,-5,-4,0,-3,-2,1,0,2,-2,0,0,-1,-1,-20,-26,-29,-27,-26,-26,-24,-21,-23,-23,-21,-24,-23,-25,-22,-21,-22,-23,-26,-25,-24,-23,-22,-22,-22,-17,-20,-16,-17,-18,-17,-20,-20,-20,-17,-20,-17,-20,-18,-21,-18,-18,-16,-17,-15,-16,-17,-18,-19,-19,-16,-18,-16,-16,-18,-20,-17,-19,-16,-17,-16,-15,-20,-17,-19,-22,-21,-23,-22,-23,-20,-18,-19,-20,-20,-21,-24,-20,-21,-18,-21,-20,-21,-23,-20,-22,-19,-27,-21,-16,-18,-17,-17,-17,-16,-19,-19,-22,-15,-20,-17,-18,-20,-18,-19,-18,-18,-20,-18,-17,-17,-19,-19,-17,-19,-17,-18,-17,-17,-19,-18,-19,-18,-18,-19,-21,-17,-20,-30,-31,-32,-29,-31,-30,-30,-31,-33,-32,-32,-33,-33,-32,-32,-31,-33,-31,-33,-32,-32,-31,-28,-31,-30,-30,-31,-28,-29,-28,-29,-30,-30,-31,-29,-30,-28,-29,-30,-31,-30,-29,-29,-28,-29,-28,-28,-28,-29,-28,-29,-28,-27,-27,-27,-28,-28,-29,-27,-27,-25,-24,-26,-28,-51,-67,-70,-61,-60,-75,-60,-57,-61,-58,-49,-63,-69,-75,-58,-68,-61,-57,-56,-63,-57,-61,-41,-64,-52,-46,-47,-48,-49,-40,-45,-43,-47,-59,-48,-56,-49,-53,-56,-48,-54,-46,-50,-49,-50,-47,-48,-50,-50,-47,-47,-45,-44,-48,-47,-51,-50,-48,-45,-45,-44,-47,-47,-50
-1,-2,0,-1,0,-2,0,0,0,2,-1,-5,1,4,5,-2,1,2,2,0,2,5,5,0,1,3,2,2,4,3,5,1,2,5,3,4,7,5,8,3,5,8,6,7,7,11,8,7,13,21,6,3,9,7,16,11,2,2,0,1,-1,-1,1,2,7,10,8,11,9,10,12,8,13,12,10,10,12,13,13,12,13,13,12,14,14,12,15,14,15,15,18,15,16,17,14,17,20,18,21,22,21,20,20,19,19,27,29,30,34,26,25,20,19,20,28,25,23,31,19,18,12,18,15,17,17,15,14,14,16,17,18,15,15,13,9,9,20,16,17,17,15,18,18,18,19,18,19,17,18,16,20,17,21,22,17,21,18,21,17,20,22,20,23,22,24,21,25,20,16,23,22,25,25,28,23,22,17,21,23,20,28,22,27,18,15,16,19,20,18,22,20,19,13,13,15,13,14,12,8,9,12,14,14,14,13,10,9,9,11,13,14,12,12,10,13,9,14,15,15,15,13,14,11,14,17,19,19,19,18,17,16,14,19,23,21,24,24,20,20,18,26,26,27,30,28,26,23,26,29,29,30,28,27,24,25,27,35,41,40,41,34,33,28,28,37,37,38,36,35,33,31,30,37,38,34,36,33,36,32,31,41,36,33,34,37,33,32,34,37,37,38,38,39,35,35,33,40,44,44,35,41,37,33,32,42,44,43,43,35,34,37,39,41,44,44,42,38,37,44,36,2,1,1,1,-2,-1,2,-3,-10,-19,-27,-23,-8,17,26,28,-1,-9,-10,-9,-3,4,12,14,0,-4,-4,-4,-5,0,1,6,0,-2,-3,-5,-3,-3,1,2,0,-2,-4,-4,-4,-2,-1,2,1,-3,-3,-2,-4,-3,-1,3,-2,1,-2,2,-2,-1,0,-1,-4,-6,-4,-12,-9,4,12,6,-8,-10,-12,-17,-14,2,11,-3,-7,-10,-11,-13,-10,-4,-8,-8,-11,-9,-12,-11,-13,-14,-14,-18,-9,-9,-12,-12,-13,-15,-11,-14,-11,-13,-13,-14,-16,-13,-15,-13,-11,-12,-14,-13,-14,-16,-13,-13,-8,-11,-12,-14,-14,-13,-12,-12,-5,-5,0,-9,-2,5,5,-2,-9,-12,-15,-8,-7,0,1,-6,-4,-10,-7,-12,-8,-3,-4,-14,-9,-8,-13,-15,-14,-7,-11,-10,-10,-10,-15,-15,-11,-12,-7,-13,-15,-16,-17,-15,-15,-13,-14,-11,-15,-17,-16,-15,-14,-16,-13,-14,-14,-15,-14,-13,-13,-12,-13,-13,-8,-9,-11,-16,-11,0,3,-3,-13,-14,-23,-22,-12,-5,1,-7,-8,-13,-17,-18,-10,-3,-1,-6,-9,-12,-12,-13,-12,-9,-10,-11,-10,-7,-12,-11,-11,-12,-8,-11,-12,-13,-13,-11,-13,-14,-14,-11,-12,-14,-14,-16,-15,-15,-15,-12,-13,-14,-15,-16,-16,-16,-14,-14,-24,-22,-11,-30,-24,-4,-6,-44,-27,-21,-26,-20,-11,-52,-67,-91,-4,7,-7,-3,-5,-5,-14,-35,-18,-8,-17,-13,-19,-23,-35,-36,-17,-17,-20,-27,-24,-29,-29,-33,-27,-25,-26,-26,-26,-29,-33,-30,-28,-28,-28,-30,-28,-31,-34,-34,-29,-28,-29,-27,-31,-28,-37,-29
2,1,-2,2,1,-2,-2,0,2,4,2,3,2,1,2,2,4,4,3,0,2,1,3,3,3,4,4,3,6,4,3,3,5,5,5,6,8,6,6,4,3,2,4,7,10,7,7,4,0,-2,2,8,3,6,9,5,-1,-1,2,2,1,0,-2,0,17,16,16,16,15,15,15,13,17,15,14,16,13,16,15,15,16,15,14,13,14,10,14,13,16,14,14,11,11,12,12,13,16,17,13,13,13,9,12,13,18,21,21,18,17,15,18,13,16,16,21,17,15,26,14,16,13,14,13,14,19,12,16,14,18,19,16,17,15,19,14,20,20,19,19,15,17,15,19,17,17,19,14,17,11,17,14,18,18,14,18,13,14,13,16,16,17,19,11,18,14,18,13,17,17,14,22,17,19,18,18,14,13,21,18,22,21,20,19,17,15,15,19,16,19,19,18,15,27,26,23,21,20,14,22,25,26,25,23,21,21,20,21,21,25,24,19,21,22,19,22,21,23,23,21,21,21,20,21,22,23,24,23,24,22,21,22,23,24,24,24,24,22,22,24,23,24,24,24,22,24,24,24,25,27,27,25,26,25,26,27,28,39,34,30,27,24,26,29,40,38,35,33,28,26,27,33,35,33,34,29,29,25,27,28,34,34,34,32,30,31,27,31,28,35,35,33,35,29,27,31,29,39,37,36,34,31,38,29,40,38,37,37,35,38,34,43,42,36,38,35,35,38,32,37,39,0,0,-1,-1,0,-2,2,1,-21,-21,-2,-1,17,-4,-4,-15,-15,-7,-4,0,3,1,-2,-5,-8,-6,-6,-6,-4,-4,-6,-5,-5,-6,-7,-8,-6,-7,-6,-5,-5,-6,-7,-7,-7,-8,-8,-4,-4,-6,-6,-5,-3,-9,-7,-5,2,-3,-2,-2,-2,2,2,-1,-6,-4,-5,10,12,10,-4,-1,-8,-7,-27,13,14,20,-14,-4,-5,-4,0,-3,9,0,-2,0,-7,-10,-5,-5,-1,-4,-1,-6,-9,-5,-7,-6,-4,-5,-5,-6,-11,-10,-10,-8,-8,-11,-10,-11,-10,-8,-10,-11,-10,-13,-9,-10,-8,-12,-8,-11,-10,-9,-12,-9,-12,-6,-5,9,6,11,-6,-9,-5,-12,-6,4,15,-5,-10,-6,-1,-3,-6,2,3,5,-8,7,-3,-12,-2,-3,-3,-2,-4,-8,-10,-2,-4,-5,-5,-5,-5,-6,-7,-7,-7,-9,-7,-11,-7,-8,-10,-10,-10,-8,-12,-10,-14,-8,-7,-9,-9,-11,-9,-14,-9,-12,-8,-8,-7,15,16,10,-8,-7,-5,-5,-7,10,13,10,-4,-2,-6,-8,-8,-2,0,-2,-5,-3,-11,-12,-9,-7,-10,-8,-8,-9,-14,-11,-11,-9,-11,-9,-8,-12,-13,-13,-10,-8,-11,-10,-10,-15,-16,-14,-13,-11,-14,-11,-13,-15,-17,-15,-14,-11,-15,-13,-13,-17,-21,-16,-18,45,32,31,-22,-13,-14,-16,-10,40,35,21,-2,-3,-18,-2,-7,7,12,12,5,4,-17,-19,-12,-2,-13,-1,-11,-6,-22,-14,-14,-14,-15,-11,-10,-12,-20,-20,-20,-20,-21,-16,-16,-16,-19,-25,-24,-22,-25,-22,-24,-20,-23,-25,-26,-25,-25,-25,-25,-24
-1,0,0,-1,-2,-2,-1,-1,2,2,1,1,0,1,1,7,2,1,0,-1,0,0,1,-2,2,2,1,1,0,0,1,-1,2,1,1,1,0,1,1,1,2,1,1,1,1,2,4,27,3,1,1,1,2,1,8,68,-1,0,-2,0,1,-1,2,1,1,10,2,7,1,9,3,11,1,1,1,6,2,8,0,6,5,0,6,2,3,4,7,3,0,0,2,0,3,3,3,1,-1,1,0,2,0,4,1,3,0,2,0,1,1,3,3,0,1,0,1,0,2,3,2,-5,2,1,0,1,2,2,2,2,2,10,5,9,3,11,2,13,7,3,8,3,9,2,11,5,2,2,3,9,3,11,5,9,2,1,9,3,10,4,9,3,1,8,1,9,4,9,2,8,7,1,10,4,7,3,8,1,2,9,3,8,1,3,5,-6,9,4,4,1,0,3,8,1,11,13,11,12,11,13,12,12,11,10,9,11,10,10,11,14,9,10,11,11,10,10,14,13,7,9,8,11,10,10,12,12,8,11,9,9,10,11,10,12,9,12,6,10,9,11,10,11,9,10,10,10,8,10,12,1,10,12,10,10,11,11,12,5,13,20,14,23,18,15,17,22,12,17,17,16,19,13,14,17,13,16,17,14,22,14,17,17,12,13,10,22,15,13,17,19,13,12,26,18,19,23,15,17,16,21,12,15,16,15,11,14,15,14,19,12,9,17,13,16,17,16,16,14,9,13,17,16,2,1,-1,-1,1,0,0,-2,-12,3,-11,0,-11,3,-12,4,-1,-2,-4,-3,-3,-2,-3,4,-1,-1,-1,-2,-1,-2,-1,0,-2,-1,-1,-1,0,-1,-1,-1,-1,-1,-1,-1,-1,0,1,-2,-2,-1,0,-1,-1,-2,-1,-36,1,0,1,1,2,1,1,1,-3,-2,-4,-5,-5,-5,-3,-2,-5,-5,-6,-6,-5,-6,-4,-4,-4,-4,-5,-6,-7,-7,-7,-5,-4,-6,-6,-6,-5,-9,-5,-7,-5,-5,-5,-5,-10,-4,-20,-3,-3,-4,-5,-11,-4,-14,-55,-7,-3,-4,-4,-3,-6,-55,-5,-20,-2,-2,-4,-7,-3,-17,-4,-92,-61,-15,-8,-2,-8,-3,-9,-3,-3,-67,-15,-8,-2,-7,-7,-12,-7,-4,-60,-14,-8,-5,-6,-4,-4,-8,-4,-57,-15,-12,-5,-14,-10,-4,-8,-4,-62,-17,-14,-4,-3,-8,-5,-7,-3,-85,-19,-10,-7,-3,-8,-4,-8,-2,-64,-25,-2,-7,-2,-9,-2,-10,-15,-95,-15,-14,-16,-16,-17,-14,-17,-61,-14,-14,-15,-14,-15,-16,-16,-60,-15,-15,-13,-13,-14,-12,-13,-65,-13,-14,-14,-16,-14,-16,-13,-64,-14,-13,-15,-13,-17,-17,-15,-70,-14,-15,-14,-15,-17,-17,-15,-74,-17,-16,-17,-18,-18,-19,-12,-54,-45,-54,-54,-56,-55,-58,-17,-97,-48,-37,-35,-32,-36,-32,-37,-60,-34,-53,-39,-33,-36,-37,-36,-63,-30,-35,-59,-36,-34,-37,-32,-61,-30,-31,-38,-59,-38,-36,-37,-64,-28,-28,-28,-32,-58,-33,-36,-70,-23,-26,-33,-28,-29,-67,-34,-69,-33,-30,-25,-28,-27,-33,-67,-41,-50,-53,-49,-33,-57,-65,-26,-71
-1,-2,-2,1,0,2,2,2,4,4,4,3,3,1,2,1,3,3,2,2,1,2,1,1,3,2,2,3,3,3,2,1,2,2,2,3,5,6,1,0,2,1,1,7,16,17,6,2,2,1,0,10,92,57,2,2,-2,2,3,-2,1,-1,-2,1,1,2,2,1,1,0,2,0,2,2,1,2,1,0,1,1,1,2,1,1,1,1,0,1,2,2,2,2,1,0,0,0,2,2,3,0,1,1,2,-1,1,1,0,1,2,2,0,1,0,2,2,1,0,0,2,2,0,-1,1,2,1,0,2,2,-2,2,-2,2,-3,3,-2,1,2,-2,3,-2,3,-3,2,-2,-1,3,-2,3,-3,2,-4,2,4,-2,3,-3,2,-3,3,-2,-3,3,-3,2,-2,3,-2,3,2,-4,2,-2,3,-2,3,-1,-2,2,-3,3,-2,3,-3,3,1,-2,3,-3,3,-7,3,-1,3,4,3,6,7,7,3,2,5,7,5,5,7,7,5,5,7,5,5,6,6,7,6,5,7,7,6,7,6,6,6,6,6,6,6,7,7,6,6,5,5,7,6,7,7,6,7,6,7,6,7,8,6,5,6,6,7,6,6,8,5,-13,7,8,11,13,9,7,11,11,11,13,12,13,13,10,9,10,10,12,13,13,12,12,14,11,7,16,14,14,16,14,13,13,18,12,12,13,9,16,9,13,12,12,14,13,6,11,13,12,9,13,13,13,11,13,14,9,10,4,12,13,14,12,10,12,9,13,-1,-1,2,2,-3,-1,-2,-1,-19,-9,-14,-11,-23,-12,-25,-22,-2,-1,-1,-2,-2,-3,-4,-5,-1,-1,-1,-2,-1,-2,-2,-2,-1,-1,-2,-2,-1,-3,-1,-1,-3,-2,-1,-3,-5,-8,-1,0,-3,-1,-2,-5,-17,-22,-4,-1,1,0,2,-2,-1,0,0,0,-4,-5,-4,-5,-6,-5,-6,-4,-5,-7,-6,-7,-6,-6,-6,-5,-6,-6,-6,-7,-7,-6,-6,-6,-5,-7,-8,-9,-7,-12,-8,-9,-6,-8,-11,-12,-16,-13,-17,-9,-4,-8,-10,-88,-55,-88,-53,-15,-5,-8,-90,-56,-16,-23,-95,-57,-7,-6,-13,-18,-104,-60,-14,-19,-9,-5,-12,-6,-10,-6,-7,-7,-15,-11,-6,-10,-5,-9,-5,-7,-57,-15,-9,-5,-7,-5,-9,-6,-92,-55,-15,-9,-4,-9,-8,-17,-9,-90,-56,-13,-9,-5,-18,-93,-5,-9,-88,-57,-14,-18,-103,-56,-6,-4,-9,-92,-80,-93,-54,-5,-6,-7,-6,-18,-108,-74,-15,-9,-13,-10,-12,-14,-86,-52,-12,-13,-11,-11,-11,-14,-91,-53,-12,-13,-11,-10,-11,-10,-86,-51,-13,-11,-11,-10,-11,-13,-88,-54,-12,-13,-13,-11,-12,-13,-92,-53,-13,-13,-13,-14,-13,-16,-94,-57,-13,-13,-16,-17,-15,-13,-17,-23,-13,-15,-85,-86,-87,-50,-97,-61,-88,-87,-35,-37,-34,-37,-86,-54,-39,-33,-34,-28,-33,-33,-85,-54,-29,-29,-52,-24,-37,-40,-88,-56,-37,-30,-90,-52,-35,-42,-92,-62,-31,-36,-32,-87,-56,-44,-94,-54,-44,-86,-33,-39,-89,-64,-94,-65,-90,-63,-44,-30,-30,-92,-59,-97,-61,-42,-78,-88,-90,-55,-104,-65,-90,-89
1,1,1,0,-1,-1,2,-2,-4,-18,-23,-22,-23,-23,-22,-5,-6,-24,-25,-24,-23,-24,-24,-5,-9,-25,-26,-25,-25,-25,-24,-8,-6,-26,-26,-26,-26,-24,-25,-3,-4,-26,-25,-25,-1,-1,0,1,1,-16,-20,-10,3,6,3,2,-3,2,1,2,-2,2,1,0,14,12,13,12,12,12,11,14,12,11,14,14,13,13,9,11,11,14,14,13,13,14,12,10,11,12,13,13,13,11,11,9,11,13,12,13,12,12,12,10,9,10,11,11,10,11,10,7,8,9,10,10,10,10,8,8,8,6,7,9,8,7,6,6,15,14,12,13,13,11,14,13,14,13,13,13,13,13,13,13,11,13,15,13,14,14,13,11,12,13,14,16,14,14,11,12,11,13,14,14,14,13,13,11,12,12,13,13,12,13,12,13,11,12,11,11,12,13,12,11,12,12,12,11,11,12,11,13,16,18,20,19,19,18,18,18,17,17,18,17,18,17,17,16,17,17,18,18,18,18,16,16,18,18,18,19,18,17,17,16,18,18,19,19,19,18,17,18,17,18,18,17,17,16,18,15,17,17,18,17,16,16,17,17,17,16,16,17,17,16,16,16,29,31,28,27,26,23,26,31,25,25,25,29,27,25,22,17,26,26,24,26,25,22,24,26,26,29,26,27,28,26,28,24,26,33,31,28,26,28,24,26,25,27,29,26,27,26,24,21,26,27,23,33,33,29,27,17,18,26,28,28,-19,30,-21,17,0,-1,0,-2,1,2,0,1,-28,-28,-27,-21,-21,-17,-28,-26,-14,-13,-9,-10,-8,-7,-9,-9,-6,-6,-4,-5,-4,-4,-4,-3,-6,-7,-5,-4,-3,-4,-3,-5,-6,-6,-4,-7,-3,-6,-4,-5,-6,-7,-6,-7,-10,-6,-6,-5,-1,2,1,-2,-2,0,0,-2,-17,-21,-22,-21,-21,-21,-21,-18,-20,-22,-22,-23,-22,-19,-22,-19,-21,-22,-23,-23,-22,-21,-21,-21,-21,-23,-23,-23,-22,-22,-20,-19,-22,-22,-23,-22,-22,-22,-21,-20,-20,-21,-22,-22,-21,-22,-21,-19,-19,-21,-21,-22,-21,-20,-21,-20,-19,-19,-19,-21,-20,-20,-17,-18,-22,-23,-23,-23,-24,-24,-23,-22,-22,-22,-24,-22,-23,-22,-24,-22,-22,-24,-22,-23,-22,-23,-22,-22,-23,-22,-22,-23,-23,-22,-22,-22,-22,-23,-22,-21,-22,-22,-22,-21,-22,-21,-23,-22,-23,-21,-21,-21,-22,-23,-22,-24,-22,-22,-21,-22,-22,-22,-22,-23,-23,-21,-22,-21,-26,-26,-26,-27,-27,-27,-28,-27,-24,-26,-27,-25,-26,-25,-26,-27,-25,-25,-26,-25,-26,-26,-26,-26,-25,-25,-25,-27,-25,-25,-26,-25,-25,-24,-26,-24,-25,-25,-24,-24,-24,-24,-25,-25,-24,-24,-25,-23,-23,-24,-24,-24,-24,-23,-24,-24,-24,-24,-24,-26,-25,-25,-23,-23,-32,-31,-35,-41,-41,-35,-35,-32,-29,-32,-36,-38,-38,-39,-34,-32,-35,-41,-42,-41,-36,-41,-35,-40,-34,-40,-38,-37,-38,-41,-34,-37,-36,-37,-37,-36,-41,-38,-34,-34,-39,-38,-37,-35,-37,-35,-37,-35,-39,-38,-35,-35,-37,-35,-33,-33,-29,-34,-33,-36,-32,-36,-31,-32
1,-1,0,0,-2,-2,0,2,5,5,4,5,3,1,4,4,4,5,3,4,2,3,3,5,5,6,6,4,3,4,4,4,6,6,6,5,4,5,3,3,6,7,8,8,7,3,2,2,9,9,11,11,9,8,5,5,-2,2,2,1,-1,-1,2,-2,12,10,12,11,10,11,10,12,11,12,13,14,11,11,12,13,10,13,13,12,13,10,13,11,11,13,12,14,13,15,13,12,12,12,14,12,14,13,14,13,11,12,14,13,14,14,13,11,10,11,12,15,15,11,10,11,10,12,14,14,13,12,11,8,14,14,10,13,12,11,12,14,14,14,14,12,14,11,13,12,13,15,14,15,12,15,13,14,14,14,16,16,17,12,15,13,13,15,13,16,14,16,12,15,14,13,15,14,17,14,15,13,12,15,14,16,13,14,12,13,13,14,15,14,14,12,13,12,22,23,23,24,24,24,23,20,22,21,23,24,22,23,22,20,22,22,23,23,23,22,23,20,22,23,23,24,23,23,24,24,24,24,24,24,26,25,25,26,25,25,26,25,24,26,25,25,24,24,25,25,26,23,24,25,23,22,22,23,24,22,22,22,31,25,25,23,27,31,31,30,29,28,29,28,29,30,33,30,28,29,32,32,35,33,35,36,24,29,33,36,37,37,38,37,28,30,29,37,38,42,40,40,28,28,30,36,42,55,43,51,29,31,36,39,49,47,50,48,33,32,33,37,47,45,45,41,1,2,-1,-2,2,2,-1,-1,-13,-8,-10,-13,-22,-14,-14,-10,-7,-7,-6,-5,-7,-7,-8,-9,-6,-6,-4,-4,-5,-5,-7,-7,-5,-4,-4,-4,-5,-5,-5,-6,-5,-4,-4,-4,-5,-6,-6,-4,-5,-4,-4,-4,-6,-6,-5,-5,0,2,0,-2,-1,-1,0,1,-3,-4,-5,-10,-14,-11,-5,-4,-6,-5,2,-10,-14,-11,-1,-4,-7,-5,-7,-4,-7,-6,-7,-7,-8,-9,-8,-9,-9,-9,-9,-7,-9,-8,-10,-9,-9,-10,-9,-8,-9,-9,-10,-10,-10,-12,-10,-11,-7,-7,-9,-9,-10,-11,-9,-10,-7,-9,-8,-9,-9,-9,-10,-8,-10,-10,-8,-13,-14,-13,-8,-8,-9,-9,-9,-10,-14,-8,-8,-8,-12,-9,-6,-9,-10,-10,-5,-10,-9,-9,-9,-10,-11,-11,-11,-5,-9,-9,-10,-11,-12,-13,-11,-11,-10,-10,-11,-11,-12,-12,-12,-12,-9,-11,-11,-12,-12,-12,-13,-11,-10,-10,-12,-11,-12,-12,-11,-10,-12,-12,-13,-19,-23,-18,-12,-11,-14,-14,-15,-18,-21,-20,-15,-14,-17,-16,-16,-16,-16,-17,-17,-16,-17,-17,-17,-16,-14,-17,-17,-16,-17,-16,-16,-16,-15,-16,-17,-16,-17,-16,-16,-17,-14,-16,-17,-17,-18,-17,-17,-16,-16,-17,-16,-17,-18,-18,-19,-18,-16,-18,-17,-16,-22,-21,-20,-37,-42,-31,-19,-18,-28,-25,-25,-37,-38,-24,-21,-22,-33,-29,-26,-25,-26,-25,-21,-25,-30,-32,-27,-29,-22,-26,-26,-23,-30,-27,-28,-25,-25,-25,-27,-24,-28,-27,-27,-28,-23,-28,-24,-27,-26,-28,-28,-28,-26,-25,-25,-24,-27,-28,-29,-30,-26,-27,-23,-23
0,2,-1,1,2,-2,-2,-3,-3,2,4,4,3,4,2,0,-1,3,7,6,5,5,5,1,-2,4,3,6,6,5,6,1,-1,4,2,3,6,4,8,2,1,6,-1,0,0,6,7,7,11,17,2,-1,2,2,23,13,-2,1,1,2,2,-1,0,1,9,12,11,11,13,9,11,10,12,14,12,13,13,13,12,11,13,14,12,15,14,11,13,11,16,15,19,15,18,14,17,13,20,21,22,22,21,22,18,20,21,29,33,30,37,29,27,21,20,20,29,24,24,37,18,21,13,17,15,18,20,15,18,18,15,11,16,10,15,13,18,16,18,19,14,19,14,18,14,23,20,15,19,13,20,15,20,16,18,21,14,21,17,23,15,21,22,19,25,20,26,18,25,15,15,25,24,27,23,29,18,19,20,21,24,15,29,20,30,17,15,19,17,18,13,22,14,17,7,8,7,9,9,8,12,14,8,10,10,9,12,12,12,11,9,13,11,11,13,12,12,12,14,14,16,15,15,14,15,15,16,19,19,19,18,19,19,17,21,23,22,25,24,21,25,21,28,26,29,30,28,30,30,31,34,35,32,29,30,30,32,34,31,30,30,32,34,30,36,37,32,33,31,35,32,33,31,34,37,33,35,31,34,31,34,28,40,40,36,35,33,32,26,31,43,37,40,36,35,27,29,25,43,44,47,42,33,34,23,22,50,47,46,43,41,34,37,30,45,47,43,51,44,39,41,31,-3,2,0,-2,2,-3,-1,0,-8,12,19,26,11,1,-23,-23,9,9,12,8,7,4,1,-2,4,2,1,-1,-2,1,-1,1,1,0,-1,-2,-2,-2,1,1,0,-2,-3,-1,-1,-1,-2,0,1,-3,-2,-1,-2,-1,-3,2,-1,-1,-2,-1,1,-2,0,0,-4,0,7,4,6,-2,-6,-13,-12,-7,6,8,9,-21,-14,-11,-9,-12,-9,-6,-7,-3,-11,-4,-18,-14,-15,-12,-13,-7,-10,-11,-15,-13,-16,-16,-11,-12,-6,-11,-14,-17,-16,-17,-17,-11,-15,-10,-14,-15,-16,-16,-15,-14,-12,-12,-17,-14,-16,-16,-16,-13,-11,-11,-6,-5,10,2,9,-3,-8,-17,-12,-6,-6,11,5,-6,-19,-10,-5,-13,-4,-7,-2,-6,-4,-3,-19,-13,-12,-7,-14,-7,-15,-6,-15,-12,-10,-15,-10,-16,-8,-14,-16,-14,-17,-12,-17,-13,-17,-13,-15,-16,-14,-17,-15,-19,-16,-19,-14,-14,-14,-14,-15,-14,-16,-15,-10,-6,-1,7,5,-9,-14,-17,-15,-12,-8,1,1,-14,-17,-19,-8,-9,-6,-4,-5,-6,-5,-9,-8,-10,-9,-9,-10,-7,-7,-11,-12,-8,-13,-14,-10,-9,-4,-11,-14,-15,-15,-14,-15,-12,-13,-11,-12,-15,-15,-18,-15,-13,-12,-13,-13,-15,-16,-20,-18,-14,-14,-14,-59,-56,-10,-1,8,-26,-36,-50,-85,-61,-77,7,11,-35,-37,-30,-24,-18,-21,-10,-4,-8,-3,-9,-50,-28,-27,-20,-35,-12,-20,-18,-35,-34,-27,-39,-26,-31,-15,-32,-36,-35,-35,-31,-35,-29,-33,-29,-34,-38,-34,-34,-34,-35,-32,-34,-36,-35,-35,-34,-36,-34,-36,-32
-2,-1,2,1,-2,2,-1,2,2,1,1,1,1,1,2,1,0,1,0,1,0,1,0,1,0,0,2,1,1,0,0,1,0,0,8,6,1,0,0,1,1,14,19,20,9,0,1,0,3,44,13,85,8,1,1,1,0,-2,0,1,1,1,0,0,2,2,2,0,1,1,1,2,1,-1,1,1,1,1,-1,1,1,1,1,0,1,1,1,0,-1,2,0,1,0,0,0,0,2,2,1,1,1,1,0,1,2,1,1,1,2,0,-2,-1,2,2,0,0,2,1,0,-1,3,1,0,-1,1,1,-1,-3,2,0,2,2,1,2,1,3,2,1,1,0,2,0,1,1,3,3,0,2,0,0,0,2,1,0,-1,0,1,1,2,1,2,1,1,2,0,1,0,0,2,2,0,-1,2,0,0,2,0,0,3,3,1,1,-1,2,2,-11,-1,-1,1,-1,3,1,6,6,8,8,5,5,5,6,3,5,7,8,5,5,4,5,3,6,7,8,5,6,6,5,5,6,6,7,6,5,5,5,6,6,6,6,5,6,6,5,6,5,3,7,5,-1,0,4,7,4,3,1,5,3,3,4,6,4,4,4,6,7,5,5,8,11,12,12,10,9,6,8,13,13,6,8,12,11,9,11,6,8,9,11,9,14,10,11,15,15,8,12,13,10,8,9,10,9,12,9,12,7,10,11,12,7,9,11,12,8,12,14,11,8,9,9,9,10,7,11,7,8,4,13,9,7,6,7,-2,-1,2,-1,2,2,2,1,-8,-8,-10,-11,-9,-8,-8,-8,1,-3,-2,-1,-2,-1,-1,-2,2,-1,-1,-1,-1,-1,0,-1,3,-1,-2,-1,-1,-1,0,-1,3,-1,-7,-5,-1,0,-1,-2,3,-11,-21,-22,-6,-1,-1,-1,1,-2,0,0,-3,-1,1,-2,-1,-1,-1,-1,-2,-1,-1,-1,-2,-3,-2,-3,-3,-2,-1,-2,-3,-3,-3,-3,-3,-4,-3,-2,-2,-7,-5,-9,-5,-4,-3,-2,-11,-14,-13,-13,-14,-6,-3,-3,-37,-14,-81,-13,-81,-10,-4,-2,-14,-88,-17,-66,-14,-82,-4,-2,-12,-50,-16,-108,-14,-12,-6,-2,-4,-3,-4,-3,-6,-3,-4,-7,-3,-5,-3,-6,-4,-6,-8,-42,-8,-4,-5,-4,-5,-9,-42,-15,-14,-8,-4,-6,-9,-42,-13,-86,-88,-14,-7,-8,-41,-16,-85,-4,-10,-99,-14,-45,-16,-84,-3,-3,-40,-11,-103,-21,-85,-5,-4,-4,-10,-55,-22,-100,-16,-7,-3,-5,-9,-41,-16,-80,-13,-11,-12,-10,-7,-39,-15,-78,-11,-9,-9,-8,-7,-40,-15,-78,-10,-9,-9,-8,-8,-41,-16,-82,-10,-9,-10,-9,-9,-41,-18,-81,-13,-11,-12,-10,-9,-42,-14,-89,-13,-13,-12,-12,-13,-15,-19,-20,-12,-15,-15,-14,-77,-81,-18,-125,-37,-80,-80,-79,-26,-51,-31,-77,-33,-30,-31,-26,-20,-48,-40,-75,-17,-31,-23,-48,-22,-39,-32,-77,-34,-27,-46,-29,-25,-46,-40,-83,-34,-51,-41,-73,-78,-43,-38,-87,-55,-60,-80,-24,-16,-77,-32,-95,-36,-84,-22,-32,-44,-43,-89,-37,-85,-28,-34,-23,-75,-80,-20,-86,-39,-82,-81,-73
2,1,-2,2,-1,2,-2,2,2,3,5,6,3,3,5,3,5,3,3,3,3,3,2,3,9,7,4,3,2,2,2,3,22,20,7,4,2,2,2,2,35,34,17,2,1,1,2,1,29,30,18,2,4,1,4,3,-2,-1,0,0,2,0,-1,1,4,5,5,6,6,6,6,7,4,4,3,6,5,6,5,4,4,4,6,5,6,8,6,4,6,5,6,6,7,6,7,4,7,6,8,6,6,6,5,6,7,6,8,6,6,5,4,5,6,5,7,7,5,5,4,4,8,6,7,6,5,5,4,3,5,3,6,5,8,9,8,8,4,7,5,7,6,8,9,9,6,5,7,5,8,8,8,6,6,7,5,7,7,8,6,6,6,7,8,7,7,5,7,6,5,8,9,8,5,4,1,6,9,11,10,6,8,2,6,3,6,8,8,7,5,6,3,4,21,19,16,13,13,12,14,13,18,16,14,13,11,12,10,10,18,14,13,12,12,11,12,10,15,14,14,12,12,12,13,11,13,13,15,12,12,12,12,12,9,11,13,12,11,12,14,14,9,10,13,13,12,13,14,12,13,12,13,13,12,12,12,13,24,20,21,25,8,15,17,15,15,14,16,20,15,13,17,15,21,19,19,18,25,20,22,17,13,13,16,19,26,28,13,17,12,23,24,22,24,25,20,14,21,20,23,19,20,24,24,20,17,19,14,13,21,21,23,11,19,19,20,17,16,19,14,16,-2,-2,-1,1,1,2,-2,1,-17,-19,-14,-16,-17,-17,-16,-20,-10,-6,-3,-3,-5,-4,-4,-6,-5,-3,-2,-2,-1,-2,-1,-2,-9,-5,-2,-1,-1,-1,0,-1,-22,-19,-1,0,0,0,-1,-2,-58,-50,-10,-1,1,-1,0,-1,-1,-2,1,1,0,1,-2,-1,-4,-6,-4,-6,-7,-4,-4,-3,-7,-7,-7,-8,-7,-6,-5,-5,-7,-9,-9,-9,-8,-8,-7,-5,-15,-15,-14,-12,-10,-8,-9,-6,-27,-20,-20,-13,-11,-9,-7,-6,-28,-21,-21,-18,-11,-9,-8,-6,-30,-33,-23,-19,-11,-7,-7,-6,-70,-25,-21,-17,-10,-8,-3,-4,-11,-11,-10,-12,-12,-19,-35,-31,-12,-11,-12,-11,-17,-30,-25,-16,-11,-12,-11,-15,-29,-26,-17,-10,-12,-14,-17,-31,-26,-17,-12,-9,-23,-17,-34,-30,-18,-12,-10,-11,-38,-38,-30,-20,-12,-10,-10,-9,-59,-52,-19,-12,-9,-11,-10,-10,-59,-34,-27,-17,-11,-7,-11,-9,-31,-31,-22,-20,-20,-21,-20,-20,-32,-31,-22,-20,-20,-19,-18,-19,-34,-31,-24,-21,-20,-18,-19,-18,-37,-33,-26,-22,-21,-21,-19,-19,-37,-37,-26,-22,-21,-19,-19,-19,-32,-30,-25,-24,-23,-21,-20,-20,-41,-35,-26,-27,-26,-24,-25,-22,-41,-38,-28,-27,-27,-25,-26,-23,-43,-46,-45,-34,-35,-40,-40,-38,-48,-67,-55,-43,-57,-38,-38,-37,-52,-57,-52,-53,-48,-37,-36,-32,-46,-56,-74,-48,-44,-39,-68,-39,-55,-56,-64,-40,-43,-36,-37,-42,-51,-75,-51,-54,-41,-42,-41,-37,-60,-47,-57,-39,-47,-50,-39,-38,-58,-56,-47,-37,-40,-42,-35,-33
-1,1,-1,0,-2,1,2,1,1,1,2,4,4,4,5,4,2,1,2,2,2,3,3,3,1,2,2,2,2,3,3,7,2,2,1,1,1,2,7,13,1,2,2,1,1,5,21,15,2,0,2,2,1,41,90,18,0,1,-2,2,2,2,-1,-1,0,0,0,0,2,1,1,1,1,2,0,1,1,1,2,1,1,1,0,1,1,1,1,1,2,1,0,1,1,1,1,0,1,1,0,0,1,1,1,1,3,1,2,2,2,1,2,1,3,0,1,1,2,2,0,1,1,1,3,1,1,2,0,0,1,2,3,2,1,3,0,-1,2,0,3,0,2,1,3,2,1,2,0,2,0,3,2,2,2,1,3,0,2,1,3,1,1,4,0,2,0,2,0,2,3,0,3,0,3,1,2,1,1,3,1,4,0,4,2,4,3,1,3,2,3,2,1,1,5,4,5,3,2,4,6,6,4,3,4,4,3,5,7,5,3,4,4,4,4,5,5,6,4,3,4,4,5,5,6,5,5,4,5,4,4,5,5,5,4,1,5,4,4,5,5,5,5,4,5,6,5,5,3,5,5,5,6,5,5,6,5,4,7,6,7,6,6,8,6,7,6,5,7,8,6,8,8,8,5,8,10,8,5,9,5,6,6,7,2,6,7,7,6,7,6,8,12,5,11,5,10,-7,10,9,8,7,8,7,6,9,8,9,4,8,8,7,7,9,7,8,8,9,2,6,5,6,2,2,0,-2,1,-1,-1,-2,-42,-40,-41,-45,-44,-33,-27,-29,-6,-5,-2,-1,-2,-2,-2,-4,-2,-2,-1,0,-1,-1,-1,-4,-1,-1,-1,0,-1,-1,-3,-8,-1,-1,-1,-1,0,-1,-8,-16,-1,-1,-1,0,-1,-3,-26,-25,0,-2,0,3,-1,2,2,0,-2,-4,-3,-4,-4,-3,-4,-4,-3,-4,-4,-3,-5,-4,-5,-5,-3,-4,-4,-4,-5,-5,-5,-5,-3,-5,-4,-4,-6,-10,-10,-7,-4,-4,-4,-6,-8,-20,-11,-22,-3,-4,-6,-6,-36,-86,-39,-102,-4,-4,-4,-38,-89,-22,-25,-40,-3,-5,-4,-7,-22,-50,-108,-28,-25,-22,-14,-7,-9,-6,-9,-6,-90,-25,-24,-15,-5,-10,-5,-7,-39,-90,-22,-20,-12,-5,-11,-6,-5,-39,-88,-23,-21,-12,-6,-9,-8,-4,-39,-106,-27,-24,-13,-11,-5,-8,-4,-38,-95,-25,-15,-42,-7,-4,-9,-6,-38,-94,-55,-105,-6,-7,-7,-11,-10,-47,-112,-39,-16,-16,-18,-16,-16,-41,-88,-18,-14,-15,-15,-12,-13,-40,-86,-20,-13,-14,-14,-15,-12,-39,-86,-19,-14,-14,-13,-14,-14,-40,-88,-20,-14,-15,-16,-17,-15,-40,-88,-20,-16,-17,-18,-17,-16,-41,-96,-22,-18,-19,-20,-20,-19,-15,-27,-21,-84,-87,-85,-86,-87,-45,-94,-34,-62,-60,-60,-59,-61,-60,-83,-61,-80,-59,-59,-49,-62,-59,-85,-54,-52,-87,-59,-55,-33,-54,-87,-50,-23,-49,-83,-63,-60,-62,-91,-57,-44,-24,-39,-88,-68,-55,-92,-60,-36,-44,-22,-40,-91,-64,-101,-53,-25,-41,-45,-25,-56,-96,-52,-102,-81,-79,-94,-83,-92,-47,-96,-47
0,-1,-2,-1,2,2,2,-1,1,1,1,5,5,-4,-3,-1,0,1,-2,0,-2,-1,-4,-1,2,0,2,-1,0,-1,-1,0,1,0,2,1,-1,1,-3,1,3,0,1,1,0,-3,0,1,5,6,-6,-1,-2,5,-6,7,-2,0,1,-1,-1,2,2,2,2,-3,-2,-2,-3,-2,-1,-5,-3,0,0,5,1,-3,-3,-3,1,0,3,0,1,2,-2,0,0,1,2,5,0,4,-1,1,-1,1,2,1,3,0,3,-4,-1,-4,-3,-3,-6,-2,-1,0,0,-1,-4,-1,-2,-6,0,0,5,0,2,2,2,2,3,2,-2,-3,-8,-4,-7,-3,-7,-4,-4,-4,-4,-5,-2,-8,-6,-7,-3,-4,-5,-2,-5,-4,-7,-1,-6,-5,-1,-6,-3,-5,-4,-8,-7,-5,-9,-5,-7,-5,-7,-5,-2,-9,-9,-8,-6,-9,-4,-6,-7,-8,-9,-6,-12,-4,-8,-3,-2,-6,-6,-4,-5,-7,-4,-3,7,6,6,4,4,3,6,2,5,6,5,6,5,4,3,5,5,5,6,5,4,3,4,3,4,5,5,5,1,3,4,5,7,6,5,3,5,4,4,5,10,8,8,6,5,9,5,9,7,9,8,3,3,4,6,3,5,5,3,3,3,3,5,3,19,10,9,2,11,15,21,19,15,15,10,13,17,16,22,21,18,17,19,19,21,25,25,24,17,19,24,26,28,29,27,29,26,24,27,35,33,34,33,29,25,32,29,32,34,35,30,30,25,29,31,29,30,34,37,31,24,22,26,26,27,28,23,28,-2,-2,-2,-1,0,1,-2,1,-8,-18,-7,-5,7,0,-1,-12,-8,-8,-6,0,1,1,-2,-5,-6,-4,-2,-1,0,0,-2,-5,-4,-3,-3,0,-2,-1,-4,-4,-4,-2,-3,-4,-4,-4,-3,-5,-5,-3,-4,-5,-4,-3,-2,-5,1,-2,-2,1,0,0,-1,1,-10,-12,-15,-10,-9,-10,-11,-4,-9,-9,-12,-12,-11,7,-9,-8,-12,-9,-9,-9,-4,-12,-5,-10,-8,-11,-11,-11,-9,-11,-8,-6,-7,-9,-9,-8,-10,-8,-11,-7,-6,-7,-10,-9,-10,-11,-8,-8,-5,-7,-8,-9,-10,-9,-7,-6,-5,-4,-8,-8,-9,-7,-4,-7,-13,-10,-20,-12,-15,-11,-12,-6,-9,-13,-7,-17,-10,-7,-4,-11,-18,-8,-14,-7,-12,-11,-10,-12,-7,-14,-10,-12,-8,-12,-9,-9,-11,-9,-11,-8,-13,-8,-13,-7,-7,-9,-9,-11,-9,-12,-8,-10,-8,-6,-10,-10,-10,-9,-8,-6,-5,-10,-6,-9,-9,-6,-8,-7,-17,-18,-18,-16,-11,-10,-14,-14,-16,-16,-15,-13,-11,-8,-15,-16,-21,-18,-17,-16,-15,-17,-18,-21,-20,-17,-17,-16,-15,-18,-18,-17,-16,-17,-15,-14,-15,-16,-17,-16,-15,-14,-15,-15,-15,-17,-16,-16,-13,-15,-14,-15,-15,-15,-14,-12,-11,-12,-14,-13,-13,-15,-12,-10,-25,-26,-41,-36,-41,-24,-32,-19,-19,-26,-26,-41,-38,-10,-15,-24,-34,-33,-37,-34,-39,-36,-25,-26,-20,-28,-24,-27,-18,-35,-25,-17,-16,-14,-24,-11,-22,-16,-23,-18,-15,-15,-17,-16,-16,-20,-14,-21,-13,-14,-13,-16,-16,-13,-14,-14,-14,-12,-14,-13,-16,-17,-12,-16
1,-1,-2,-3,-1,1,1,2,2,0,0,4,1,1,0,0,2,1,0,2,4,1,0,0,2,2,3,3,2,3,1,0,3,5,6,6,4,4,4,2,4,8,11,7,8,6,7,5,11,14,11,8,6,9,6,6,-1,1,-1,-2,0,0,0,-2,8,4,4,5,4,5,3,4,6,5,7,9,7,6,4,4,7,8,9,7,9,6,7,5,9,8,11,10,11,10,8,6,9,12,11,12,10,11,10,8,10,12,8,10,9,10,10,9,11,10,11,11,11,7,8,9,10,10,11,8,10,9,9,7,9,9,3,7,5,7,7,8,10,8,9,7,8,6,8,6,8,10,10,10,8,10,7,8,10,9,11,11,11,8,9,5,8,11,10,11,12,10,4,8,10,8,10,9,11,10,10,7,8,11,6,10,7,10,10,9,10,7,9,7,8,9,8,8,14,17,17,15,14,15,16,16,14,16,15,16,14,14,15,15,15,16,15,15,15,13,15,14,15,16,15,14,13,14,13,14,16,17,15,14,14,14,14,14,17,17,16,17,15,16,15,15,21,19,19,18,19,19,19,18,22,20,20,20,20,20,21,21,45,46,43,45,43,45,45,46,45,46,46,44,42,41,41,42,45,46,45,45,44,45,40,41,45,46,48,48,45,46,44,41,44,49,51,50,46,46,44,39,47,47,58,49,48,33,43,19,45,58,46,48,48,46,41,38,46,48,51,50,50,48,43,42,1,1,1,1,-1,1,0,-1,1,0,-7,-4,-5,-4,-6,-5,1,-2,-2,0,-2,-3,-2,-6,2,0,0,0,0,-2,0,-3,1,0,0,0,0,0,1,0,2,-1,-1,-2,0,0,1,0,1,-1,-3,-1,-2,0,0,0,0,2,0,1,2,0,2,-2,-2,-4,-6,-5,-4,-4,-4,-4,-6,-6,-5,-8,-7,-6,-5,-5,-8,-8,-11,-11,-8,-10,-8,-7,-8,-10,-12,-11,-12,-12,-9,-7,-8,-10,-10,-12,-11,-10,-9,-7,-8,-9,-9,-10,-10,-9,-7,-6,-5,-7,-9,-9,-9,-7,-6,-6,-7,-5,-9,-8,-9,-7,-6,-5,-6,-6,-7,-3,-7,-3,-6,-4,-7,-8,-8,-9,-6,-7,-6,-8,-14,-9,-10,-11,-10,-11,-9,-10,-7,-9,-9,-11,-10,-12,-7,-8,-9,-7,-10,-9,-11,-8,-9,-5,-6,-8,-9,-10,-8,-9,-6,-7,-5,-7,-10,-7,-10,-6,-8,-5,-6,-10,-6,-10,-6,-7,-5,-6,-10,-10,-11,-8,-8,-8,-8,-9,-11,-12,-13,-11,-10,-10,-10,-12,-13,-11,-12,-12,-11,-11,-9,-12,-11,-12,-13,-12,-12,-12,-11,-11,-10,-12,-13,-12,-11,-12,-12,-11,-11,-11,-12,-11,-12,-11,-11,-11,-10,-12,-12,-11,-10,-10,-9,-10,-10,-11,-12,-11,-10,-9,-9,-9,-19,-17,-22,-13,-18,-13,-24,-18,-25,-26,-20,-59,-45,-22,-26,-34,-66,-29,-44,-48,-65,-64,-42,-46,-31,-49,-41,-46,-36,-56,-38,-57,-55,-39,-42,-42,-46,-41,-49,-42,-43,-51,-45,-49,-45,-50,-46,-54,-49,-47,-52,-51,-54,-48,-47,-41,-40,-54,-54,-64,-51,-46,-36,-43
0,-2,1,0,1,2,-1,-2,-1,4,3,-2,4,5,5,4,3,4,4,3,2,4,4,4,4,5,5,5,5,3,5,4,6,7,7,7,6,6,3,4,6,6,9,7,7,4,6,6,7,5,3,11,9,7,5,9,1,2,1,0,2,-2,0,-2,3,9,12,9,14,10,12,5,8,13,9,9,15,11,14,12,11,12,10,15,13,16,11,13,13,13,16,14,16,14,15,15,14,16,15,15,17,17,13,13,14,16,17,17,17,17,16,15,15,17,16,17,17,18,15,16,13,15,15,16,15,17,15,12,-4,-1,14,4,15,3,18,1,-2,9,2,14,5,17,3,19,15,2,9,5,16,3,18,4,4,16,2,13,1,19,4,17,15,7,17,3,15,2,18,5,5,17,6,17,4,14,3,17,16,6,17,5,17,4,13,3,7,17,7,16,5,17,4,10,17,16,17,19,19,17,15,14,19,19,18,20,20,20,20,14,17,18,18,19,19,20,18,17,14,16,17,20,20,21,22,18,19,20,20,23,21,23,22,21,19,20,21,23,22,22,25,19,18,21,20,21,23,21,25,22,19,21,21,21,23,23,26,22,44,40,45,42,43,38,46,35,41,45,39,45,39,49,36,45,46,40,41,39,45,35,49,42,42,47,41,44,37,51,41,48,48,39,53,41,49,40,49,44,44,50,42,55,36,46,46,52,52,40,53,48,45,48,44,41,43,52,45,55,41,53,45,50,2,-1,2,1,-2,-2,-1,-2,-39,-40,-15,-38,-15,-47,-14,-46,-28,-9,-14,-9,-10,-9,-10,-13,-8,-4,-6,-3,-5,-5,-5,-7,-6,-3,-5,-2,-4,-2,-4,-5,-5,-4,-5,-6,-4,-5,-2,-5,-5,-3,-7,-3,-10,-3,-5,-5,-1,-1,1,3,-2,0,2,2,-9,-5,-6,-6,-5,-7,-5,-6,-7,-7,-6,-7,-9,-6,-8,-7,-7,-9,-10,-9,-8,-12,-6,-10,-10,-8,-11,-8,-14,-9,-11,-7,-7,-10,-8,-12,-8,-11,-7,-9,-9,-8,-10,-9,-13,-9,-11,-6,-6,-7,-8,-11,-11,-11,-7,-9,-5,-7,-9,-10,-11,-10,-9,-7,-13,-10,-14,-12,-16,-12,-13,-11,-10,-12,-11,-13,-12,-15,-10,-15,-11,-11,-15,-10,-15,-12,-15,-15,-12,-16,-11,-12,-11,-13,-12,-12,-14,-10,-12,-11,-13,-10,-13,-10,-9,-14,-11,-15,-11,-14,-9,-14,-12,-7,-17,-10,-18,-10,-15,-9,-10,-13,-9,-17,-12,-18,-10,-14,-20,-20,-19,-22,-20,-21,-18,-21,-22,-18,-21,-18,-22,-18,-21,-18,-19,-20,-20,-21,-20,-21,-18,-21,-20,-18,-22,-19,-26,-18,-20,-17,-17,-19,-17,-23,-16,-21,-16,-20,-21,-16,-22,-16,-24,-19,-20,-18,-18,-19,-18,-21,-19,-22,-19,-21,-19,-17,-21,-18,-21,-18,-20,-21,-58,-56,-43,-53,-43,-51,-36,-43,-42,-35,-43,-28,-40,-33,-39,-34,-34,-47,-41,-40,-31,-37,-27,-44,-39,-32,-46,-28,-46,-24,-36,-25,-32,-40,-30,-40,-28,-35,-21,-36,-37,-33,-36,-28,-40,-32,-36,-29,-32,-34,-34,-36,-36,-34,-36,-38,-33,-34,-35,-37,-35,-33,-34,-34
-2,-3,-2,-1,0,0,1,-1,1,1,2,1,5,3,2,2,0,0,0,0,0,1,1,2,1,-1,-1,-2,0,-1,1,2,0,-1,-3,-3,-3,0,0,3,3,0,-3,-6,-7,-1,4,6,5,8,-5,-5,-3,8,6,9,0,-2,0,2,-2,-2,0,1,4,6,6,6,7,7,7,2,4,7,6,8,8,6,8,6,7,7,8,8,9,10,7,7,8,8,10,11,9,11,9,11,8,8,10,9,13,10,10,6,8,8,9,8,7,11,10,12,9,9,7,9,7,8,11,9,6,8,7,9,8,10,11,10,1,2,7,5,7,6,5,2,3,5,5,8,6,8,6,5,7,4,6,5,9,6,7,6,4,7,4,6,5,9,5,7,7,4,7,4,6,3,9,4,7,7,2,4,3,5,4,7,8,4,5,3,3,6,7,7,5,7,4,7,6,8,6,5,8,8,9,11,9,9,7,7,9,10,10,11,11,11,9,9,11,11,12,11,12,12,11,11,10,13,13,12,12,12,12,12,14,13,13,12,13,13,13,12,14,13,14,14,14,16,14,14,15,16,14,14,13,15,15,15,16,16,16,15,16,17,17,17,35,36,39,43,41,39,38,32,37,41,43,44,44,43,38,38,41,45,45,48,46,47,46,41,45,44,46,49,44,48,43,42,46,44,47,51,49,46,43,44,45,51,49,52,47,41,46,33,44,46,48,50,41,42,39,37,40,45,44,44,40,41,40,39,2,-2,1,-1,-1,-1,-1,0,3,-5,-2,-4,3,3,5,-3,-2,-3,-4,-4,-4,-3,-2,-3,-1,-2,-3,-2,-3,-2,-3,-2,-2,-2,-2,-2,-2,-2,-2,-1,-2,-2,-2,-3,-2,-1,-1,-1,-2,-2,-2,-3,-2,0,0,-2,0,-1,-1,-1,2,1,0,1,-8,-7,-8,-5,-1,-3,-4,-5,-5,-6,-10,-6,-5,4,-5,-5,-6,-6,-9,-10,-10,-11,-5,-7,-5,-6,-8,-8,-8,-9,-5,-5,-4,-6,-6,-7,-8,-5,-6,-3,-3,-4,-5,-7,-6,-4,-4,-2,-4,-4,-4,-5,-5,-3,-1,-2,-4,-3,-3,-2,-3,-2,-2,-3,-5,-4,-5,-3,-2,0,-2,-4,-5,-4,-3,-6,-3,-2,0,-4,-5,-5,-9,-8,-8,-7,-6,-8,-4,-6,-7,-8,-7,-6,-5,-6,-4,-6,-5,-6,-6,-4,-4,-3,-4,-5,-5,-6,-6,-4,-4,-3,-3,-3,-3,-4,-2,-2,0,-2,-3,-5,-2,-1,-2,-2,-3,-3,-15,-15,-13,-10,-6,-7,-11,-13,-16,-15,-13,-10,-9,-8,-12,-13,-13,-12,-13,-12,-12,-11,-12,-12,-10,-10,-12,-12,-13,-12,-11,-10,-8,-9,-10,-10,-11,-11,-10,-9,-7,-9,-10,-9,-10,-11,-9,-8,-7,-8,-8,-9,-10,-9,-8,-8,-7,-9,-9,-8,-9,-8,-11,-9,-21,-24,-24,-18,-11,-11,-20,-20,-16,-15,-17,-12,-14,-10,-16,-20,-18,-21,-21,-26,-19,-23,-17,-25,-10,-10,-15,-10,-16,-13,-13,-13,-7,-11,-9,-10,-11,-8,-6,-12,-6,-6,-9,-6,-8,-7,-9,-10,-6,-5,-3,-7,-6,-7,-8,-10,-8,-6,-4,-6,-10,-8,-13,-14
-2,-2,1,0,1,1,-1,-1,4,4,2,3,1,2,-2,-5,4,3,2,2,2,2,0,-2,2,3,3,1,3,2,2,0,3,3,1,3,1,1,2,3,1,4,0,0,-2,1,-1,2,3,12,4,1,1,-4,1,5,2,2,2,-1,0,-1,2,-1,16,14,11,10,10,9,12,1,14,12,13,14,9,13,9,9,13,13,13,9,12,6,10,11,13,11,9,11,7,10,9,9,13,3,13,6,12,6,9,7,11,13,14,12,15,9,10,6,11,12,13,12,7,13,5,8,6,10,7,5,7,4,6,7,17,11,14,9,12,15,8,1,12,15,11,13,11,10,13,9,13,12,14,10,11,8,10,9,12,13,9,13,8,9,7,12,13,10,9,10,11,7,12,9,10,13,8,12,10,14,10,9,10,10,13,7,14,10,14,9,9,7,7,12,7,11,9,14,18,19,21,19,20,19,23,26,16,20,19,20,18,19,20,25,18,18,21,17,20,15,19,21,21,20,21,19,17,19,15,18,20,19,19,18,17,15,16,15,20,19,21,20,19,18,16,17,22,18,21,20,18,18,17,17,25,20,24,21,20,20,19,19,42,49,48,52,42,45,42,45,45,47,52,47,43,42,43,41,43,48,42,48,42,46,40,40,51,47,42,37,44,38,41,42,44,48,41,44,32,42,35,42,45,46,41,30,38,19,39,30,42,37,35,36,19,21,22,40,39,34,32,28,30,20,33,29,2,2,2,0,-2,0,-2,-2,-1,-15,-8,-20,-17,-21,-20,-28,1,-4,-4,-9,-14,-15,-17,-25,1,-6,-5,-10,-9,-14,-14,-18,1,-7,-7,-8,-9,-12,-11,-13,0,-7,-5,-6,-5,-10,-10,-12,1,-7,-4,-5,-3,-11,-6,-11,2,0,1,2,1,0,2,-2,-1,-8,-5,-10,-10,-5,-5,-8,-8,-7,-8,-8,-8,-10,-9,-9,-9,-7,-8,-12,-11,-8,-11,-7,-11,-10,-11,-9,-9,-8,-9,-11,-13,-13,-12,-10,-12,-9,-10,-8,-10,-13,-12,-13,-11,-12,-9,-11,-12,-14,-12,-11,-10,-12,-9,-9,-11,-12,-11,-13,-10,-9,-10,-10,-11,-3,-9,-4,-13,-4,-11,-5,-3,-14,-3,-14,-5,-16,-6,-15,-11,-3,-11,-5,-15,-4,-17,-3,-4,-15,-5,-17,-7,-16,-6,-19,-17,-6,-15,-7,-17,-8,-17,-6,-7,-17,-6,-17,-6,-18,-6,-16,-17,-9,-18,-5,-16,-7,-15,-6,-7,-18,-4,-15,-6,-13,-6,-16,-15,-18,-18,-19,-18,-17,-18,-19,-14,-18,-17,-19,-20,-18,-18,-19,-15,-18,-16,-19,-18,-18,-19,-18,-17,-20,-19,-18,-18,-19,-19,-22,-18,-23,-21,-21,-20,-20,-21,-21,-18,-22,-19,-20,-19,-20,-20,-24,-18,-21,-21,-22,-21,-22,-21,-19,-19,-22,-20,-20,-21,-21,-16,-22,-29,-32,-29,-34,-28,-27,-31,-46,-32,-30,-27,-29,-29,-55,-35,-34,-29,-23,-29,-27,-32,-26,-85,-24,-31,-33,-31,-41,-34,-48,-31,-47,-26,-36,-34,-39,-47,-32,-45,-30,-28,-28,-31,-35,-29,-30,-29,-31,-29,-29,-31,-26,-25,-32,-29,-28,-30,-27,-26,-23,-27,-28,-32,-31
-2,3,1,0,2,-2,1,1,6,4,3,2,-1,1,2,2,4,4,1,0,2,1,2,3,2,1,1,2,3,5,7,7,0,1,-1,2,7,11,16,10,1,0,1,3,13,19,26,18,-1,-1,1,7,10,18,23,14,1,-2,2,0,-1,-2,-1,2,10,4,8,6,6,6,4,5,8,7,9,6,10,7,7,5,4,8,7,8,10,4,10,8,6,9,7,7,12,10,10,11,4,7,9,11,9,10,9,13,4,9,10,10,11,12,8,10,2,4,9,9,10,11,12,13,3,3,4,5,10,7,10,11,13,8,5,7,5,5,3,5,10,13,9,9,7,7,5,6,9,10,11,8,9,7,5,4,6,8,9,11,7,8,9,11,6,3,8,8,11,11,13,11,2,4,5,7,10,14,9,13,4,4,8,6,11,10,14,10,3,7,6,6,9,10,7,10,10,11,12,17,19,22,23,21,8,11,14,16,17,20,20,20,11,15,13,16,16,20,19,20,14,15,16,18,17,19,18,19,14,17,17,18,19,18,19,19,16,15,17,18,17,17,17,19,18,16,18,19,20,19,18,20,19,17,19,20,21,20,20,21,39,34,37,39,38,36,39,39,34,39,41,44,40,40,38,41,36,39,44,41,40,40,38,41,29,35,39,48,40,41,44,44,34,31,39,38,51,42,51,48,25,31,33,41,41,50,52,51,28,34,42,46,43,38,46,49,26,32,34,43,29,39,48,49,-2,0,2,2,-2,-2,-1,1,-5,-13,-10,-12,-10,-14,-10,-9,1,-6,-6,-7,-6,-5,-3,-2,1,-2,-3,-3,-3,-2,-3,-2,1,1,-1,-1,-4,-2,-6,-5,3,1,1,-1,-3,-2,-14,-7,3,4,2,7,-5,-9,-22,-8,1,2,-1,-2,-1,-1,1,2,1,-3,-3,-4,-5,-7,-3,-4,-4,-4,-2,-6,-8,-12,-6,-6,-5,-4,-8,-6,-11,-11,-12,-5,-5,-4,-9,-11,-13,-12,-14,-12,-2,-7,-9,-12,-14,-14,-12,-14,-5,-8,-10,-12,-12,-12,-14,-13,-5,-7,-8,-5,-13,-13,-16,-10,-4,-2,-7,-6,-9,-12,-11,-10,-12,-16,-10,-11,-9,-10,-9,-12,-12,-15,-15,-12,-11,-10,-9,-8,-12,-14,-12,-13,-12,-15,-10,-11,-9,-11,-15,-15,-17,-12,-16,-12,-9,-10,-12,-14,-16,-13,-13,-17,-8,-10,-11,-11,-13,-13,-19,-16,-9,-10,-10,-4,-13,-16,-19,-16,-8,-7,-4,-9,-13,-19,-21,-17,-14,-16,-13,-13,-15,-17,-20,-18,-14,-16,-15,-17,-18,-17,-18,-18,-13,-17,-16,-16,-17,-19,-21,-20,-14,-16,-18,-16,-21,-18,-24,-21,-14,-17,-17,-17,-21,-20,-24,-16,-13,-16,-18,-19,-18,-15,-19,-21,-10,-15,-17,-19,-18,-18,-26,-26,-11,-11,-14,-16,-18,-20,-33,-20,-27,-29,-27,-12,-24,-26,-34,-27,-31,-35,-35,-40,-27,-38,-38,-35,-36,-23,-27,-26,-41,-41,-35,-36,-28,-32,-32,-31,-38,-37,-39,-33,-24,-30,-33,-33,-41,-40,-41,-28,-23,-25,-33,-33,-31,-28,-29,-33,-21,-22,-22,-22,-30,-34,-34,-34,-23,-18,-16,-18,-27,-34,-40,-34
2,2,2,0,2,2,-1,-1,6,5,1,2,1,2,2,1,0,3,2,2,2,2,1,2,2,2,3,2,2,1,2,2,6,0,2,1,2,2,2,2,18,3,1,0,1,1,1,1,82,51,2,1,0,1,1,2,2,-1,-1,1,2,-1,2,-2,0,2,2,1,1,1,1,0,1,1,0,1,1,1,1,1,1,0,1,1,2,2,3,2,1,1,1,1,1,2,2,2,1,1,1,2,1,3,1,3,1,1,2,2,1,1,1,3,-11,2,2,1,1,1,2,2,2,1,1,1,2,2,1,4,5,0,3,0,4,1,2,-1,0,5,0,4,0,4,0,3,3,1,3,0,4,0,3,1,0,3,0,4,-1,4,0,4,3,1,3,0,4,-1,5,0,1,4,0,4,0,5,-1,4,-2,1,2,1,5,0,4,0,0,4,0,4,0,5,1,4,6,6,3,2,3,3,3,4,6,6,5,2,6,2,6,3,6,6,2,4,5,5,3,4,6,5,3,3,3,5,5,2,5,6,3,6,5,5,2,4,5,6,6,5,4,1,2,2,2,7,5,4,1,5,5,6,2,5,4,4,6,6,6,5,6,4,-2,-1,5,4,6,6,8,6,0,5,-1,2,-2,6,7,7,5,6,1,-2,6,7,8,7,8,-1,3,6,13,5,4,4,6,11,-1,2,8,9,-5,8,8,5,10,9,9,7,8,10,8,3,-2,1,8,8,8,8,10,8,4,7,6,9,1,1,2,-2,-2,1,0,1,-37,-34,-46,-29,-42,-43,-29,-25,-1,0,-4,-2,-3,-2,-3,-3,-4,0,-2,-1,-1,-1,-1,-1,-5,0,-2,0,-1,-1,-1,-2,-7,1,-2,-2,-1,-2,-1,-2,-19,-2,-1,-1,-1,-1,0,-2,-2,2,-1,0,2,-1,-1,0,-5,-3,-5,-4,-4,-4,-4,-3,-3,-4,-4,-4,-5,-4,-5,-4,-5,-4,-5,-5,-6,-5,-3,-4,-8,-4,-12,-5,-6,-4,-4,-5,-4,-18,-5,-14,-4,-5,-4,-4,-49,-81,-47,-4,-11,-5,-4,-4,-20,-3,-100,-47,-4,-3,-5,-3,-102,-52,-19,-4,-14,-3,-3,-3,-4,-10,-4,-12,-6,-11,-15,-102,-10,-2,-11,-4,-12,-16,-99,-48,-4,-10,-4,-10,-16,-95,-48,-8,-15,-4,-12,-16,-101,-47,-9,-5,-4,-16,-15,-98,-48,-9,-4,-9,-8,-16,-99,-49,-8,-4,-10,-4,-66,-87,-49,-12,-4,-8,-4,-9,-103,-63,-14,-4,-15,-4,-9,-3,-86,-47,-19,-17,-18,-19,-17,-15,-85,-48,-17,-15,-17,-14,-14,-16,-83,-48,-17,-14,-15,-13,-15,-16,-86,-48,-16,-12,-15,-13,-14,-13,-89,-50,-16,-13,-14,-15,-15,-13,-92,-50,-16,-14,-17,-17,-15,-15,-23,-7,-18,-18,-18,-18,-16,-15,-102,-52,-95,-93,-99,-92,-95,-81,-88,-54,-44,-34,-41,-41,-41,-70,-82,-51,-34,-34,-43,-46,-74,-48,-82,-57,-34,-32,-39,-75,-43,-31,-90,-50,-39,-31,-78,-48,-21,-25,-86,-55,-40,-80,-49,-40,-31,-37,-91,-57,-81,-48,-38,-24,-23,-26,-63,-88,-52,-34,-27,-37,-34,-31,-89,-53,-85,-78,-79,-79,-74,-83
1,-2,2,-2,-2,-2,1,1,-6,-6,-4,-4,-4,-7,-6,-6,-4,-4,-6,-5,-5,-5,-6,-5,-4,-3,-4,-4,-5,-4,-5,-5,-1,-4,-3,-4,-5,-4,-5,-3,-3,-3,-4,-4,-4,-3,-3,-2,-4,-5,-4,-5,-5,-4,-3,-3,1,0,2,-1,2,-1,-2,-1,8,10,10,12,12,13,11,11,10,11,10,12,11,10,10,13,11,10,12,12,12,12,11,12,9,9,10,11,11,11,11,10,8,10,10,10,9,12,10,9,8,7,6,8,7,9,8,10,8,8,8,9,11,7,9,10,3,6,9,8,8,8,5,3,12,13,11,11,12,13,13,12,13,10,10,10,12,11,12,13,11,11,9,10,10,10,11,13,10,8,11,10,10,10,11,11,9,10,10,11,11,10,9,11,10,10,10,10,12,9,11,11,11,11,9,11,8,11,9,12,10,11,11,8,11,9,9,10,14,15,14,14,14,16,16,12,15,16,15,15,16,17,19,14,15,15,15,16,15,15,16,17,15,14,13,12,15,16,17,14,14,15,15,13,14,16,16,16,14,14,14,13,14,14,14,16,15,16,14,15,14,15,16,16,14,15,15,13,13,16,15,15,13,14,22,16,15,23,21,17,11,25,20,18,15,23,23,29,13,15,14,13,13,14,12,18,6,15,26,13,-22,-2,7,14,9,11,-25,-23,-25,5,16,-2,13,3,-10,-27,8,-10,1,4,-1,-27,10,-10,-6,-9,1,12,8,13,13,2,12,13,21,12,-1,2,0,-1,2,2,-2,0,-33,-28,-29,-28,-29,-30,-30,-45,-29,-29,-26,-27,-27,-29,-29,-29,-28,-27,-27,-27,-28,-28,-28,-29,-27,-27,-28,-28,-29,-28,-28,-29,-19,-27,-28,-30,-31,-29,-30,-29,-27,-31,-31,-37,-33,-32,-33,-28,2,0,1,0,-2,2,1,1,-7,-6,-7,-7,-6,-8,-8,-6,-7,-6,-7,-7,-5,-5,-5,-6,-7,-5,-6,-5,-5,-5,-5,-7,-5,-5,-5,-5,-4,-5,-5,-5,-5,-5,-5,-5,-6,-4,-5,-5,-5,-5,-6,-5,-6,-4,-5,-5,-5,-6,-5,-5,-5,-5,-6,-5,-5,-5,-5,-5,-5,-5,-5,-5,-9,-8,-12,-9,-10,-10,-11,-7,-9,-9,-7,-10,-8,-9,-7,-9,-9,-9,-10,-8,-10,-8,-9,-9,-8,-8,-8,-8,-7,-9,-7,-9,-9,-8,-9,-7,-9,-7,-9,-8,-8,-8,-7,-8,-7,-9,-7,-9,-9,-6,-9,-7,-8,-8,-8,-7,-7,-9,-7,-8,-8,-8,-8,-8,-26,-26,-25,-26,-26,-26,-25,-25,-27,-25,-25,-26,-26,-26,-26,-27,-26,-26,-25,-26,-26,-26,-26,-26,-26,-25,-26,-26,-25,-26,-26,-26,-26,-25,-25,-25,-26,-25,-26,-26,-24,-26,-25,-25,-25,-25,-26,-26,-24,-25,-24,-25,-25,-25,-26,-25,-23,-24,-25,-24,-24,-25,-25,-24,-43,-42,-41,-40,-43,-42,-41,-40,-40,-43,-43,-39,-41,-39,-39,-41,-42,-44,-41,-42,-65,-38,-40,-52,-42,-38,-40,-41,-39,-40,-40,-44,-46,-42,-41,-39,-44,-41,-45,-44,-41,-51,-43,-43,-42,-49,-43,-47,-50,-42,-42,-41,-55,-50,-45,-51,-41,-42,-40,-40,-54,-53,-41,-53
-2,-1,1,1,-2,-2,1,1,0,5,4,3,0,4,4,-5,3,4,4,2,4,-3,3,-7,2,6,4,3,-3,0,-7,-10,3,7,4,2,-4,-11,-11,-16,0,5,5,5,-4,-19,-17,-19,1,13,15,8,3,-19,-12,-13,0,-1,2,-2,-1,2,2,1,14,14,9,14,12,13,15,14,12,12,13,15,10,18,14,14,11,13,11,12,12,15,17,12,12,7,10,9,11,12,12,13,10,5,11,8,15,11,16,14,11,20,27,19,25,18,20,10,8,12,23,14,13,29,6,12,2,10,2,9,13,2,8,6,16,17,13,13,7,18,6,18,14,17,16,12,18,12,22,10,10,16,14,16,9,17,11,15,14,8,18,11,13,9,12,12,12,15,7,16,10,15,12,15,13,8,21,12,16,17,13,10,6,21,17,19,16,12,14,10,7,5,13,3,11,6,6,10,16,14,11,15,18,16,15,19,13,12,16,14,16,19,17,17,12,15,12,16,18,18,23,19,13,12,16,17,18,18,19,20,9,13,16,19,18,16,17,20,12,15,18,20,18,16,16,18,17,14,21,21,22,18,17,21,28,25,25,26,27,25,26,29,47,42,43,44,48,46,47,53,40,44,45,41,47,51,55,52,40,42,42,44,50,53,52,55,36,33,42,50,47,49,58,59,29,34,29,46,50,54,57,63,34,25,20,35,48,61,58,67,25,35,38,38,41,60,69,71,31,30,29,38,49,48,54,59,-2,-2,0,1,0,-2,-1,-2,-13,-18,-7,-9,4,-15,-12,-14,-7,-3,-3,-4,-1,-3,-3,-1,0,0,0,-4,-4,-4,-6,-2,1,2,0,-4,-2,-9,-3,-1,3,-1,2,-3,-2,-7,-8,-2,2,-1,3,1,-1,-9,-7,-2,-2,0,0,-2,1,-1,2,0,-9,-3,-3,8,7,7,-6,-10,-8,-7,-46,9,8,0,-19,-15,-5,-8,-5,-13,-7,-7,-21,-6,-9,-10,-7,-12,-11,-15,-13,-20,-11,-7,-10,-14,-12,-18,-17,-15,-10,-14,-11,-16,-15,-23,-20,-21,-13,-12,-13,-14,-16,-22,-19,-18,-7,-11,-10,-14,-14,-18,-17,-21,-17,-18,-4,3,6,6,-8,-20,-14,-19,-18,1,5,-18,-25,-10,-1,-15,-13,-10,-6,-7,-21,-5,-15,-14,-16,-12,-20,-13,-22,-18,-14,-15,-11,-22,-13,-25,-16,-24,-15,-15,-19,-16,-19,-24,-28,-21,-15,-20,-17,-13,-19,-24,-23,-24,-20,-15,-14,-15,-21,-18,-22,-18,-25,-27,-24,5,3,-3,-27,-25,-21,-23,-24,-7,-7,-13,-16,-17,-14,-17,-17,-13,-15,-13,-18,-10,-17,-19,-17,-18,-21,-20,-21,-23,-20,-19,-19,-17,-23,-22,-22,-21,-15,-20,-17,-21,-22,-26,-25,-26,-19,-18,-21,-21,-25,-25,-27,-20,-17,-18,-17,-20,-24,-23,-21,-19,-52,-55,-99,52,21,12,-42,-48,-38,-46,-56,28,8,-91,-40,-41,-33,-10,-54,-9,-26,-7,-41,-24,-39,-39,-35,-40,-40,-43,-45,-34,-35,-36,-36,-41,-40,-49,-46,-43,-30,-35,-35,-41,-42,-52,-47,-47,-36,-34,-37,-36,-43,-43,-50,-45,-40,-31,-31,-35,-37,-41,-43,-41
2,-2,0,1,2,1,0,-1,-2,4,4,-10,3,0,1,3,-3,1,1,4,-10,0,1,4,-3,1,1,1,-1,0,4,7,-2,3,0,6,1,7,3,6,2,7,0,8,8,12,8,8,6,8,7,12,11,16,8,11,0,1,-1,2,-1,-2,1,2,15,7,12,6,12,6,6,3,6,6,10,7,7,8,8,7,6,11,10,10,5,13,8,10,7,7,13,5,13,1,11,4,10,4,13,4,13,6,16,3,6,5,7,9,11,8,10,8,1,8,4,7,6,12,6,11,2,4,4,8,6,9,6,8,22,7,26,5,21,3,25,6,8,21,9,24,6,20,7,21,18,8,23,7,26,6,20,6,8,21,8,22,8,24,9,21,21,6,21,9,22,7,25,8,6,21,9,21,9,24,9,22,19,7,19,6,21,9,20,6,6,20,7,20,5,20,6,19,17,13,16,18,22,18,19,14,14,15,19,14,25,16,19,14,18,16,21,18,21,17,18,15,18,13,20,15,21,12,21,16,18,13,19,14,22,19,15,18,18,11,22,14,22,14,21,16,19,15,21,17,23,16,22,15,20,16,22,15,23,15,20,16,28,15,29,21,33,26,31,24,25,24,27,21,35,28,27,26,27,25,30,27,30,28,28,23,24,25,27,35,27,32,28,31,27,29,26,32,26,31,28,26,26,30,33,29,33,30,28,24,24,35,29,33,26,30,27,28,30,26,32,30,28,28,28,29,2,-2,0,2,-1,-2,0,-2,13,-33,12,-31,11,-20,10,-12,2,-5,8,-10,5,-10,3,-1,0,-5,7,-12,6,-11,2,0,2,-6,7,-15,8,-10,8,-2,3,-4,9,-13,8,-16,4,-4,3,-4,5,-10,7,-7,3,-3,2,1,2,-1,-2,-2,1,0,-8,-5,-6,-5,-9,-5,-11,-3,-7,-7,-33,-3,-14,-6,-15,-6,-5,-18,-3,-22,-2,-24,-6,-12,-5,-16,-6,-27,-2,-18,-11,-11,-7,-13,-6,-19,-4,-15,-1,-11,-8,-9,-9,-11,-10,-10,-9,-4,-5,-8,-7,-10,-6,-11,-4,-9,-5,-7,-6,-10,-5,-8,-7,-7,-7,-11,-5,-11,-2,-10,-4,-7,-10,-9,-11,-6,-10,-10,-10,-6,1,-12,-8,-14,-1,-17,-7,-18,-11,-13,-9,-17,-6,-12,-15,-7,-6,-12,-11,-20,-4,-13,-1,-14,-12,-10,-13,-10,-10,-9,-9,-5,-4,-12,-8,-8,-11,-10,-13,-10,-10,-2,-10,-7,-11,-8,-13,-9,-13,-18,-7,-17,-9,-20,-11,-16,-12,-12,-9,-9,-11,-14,-13,-13,-8,-15,-8,-21,-7,-16,-13,-16,-12,-13,-12,-14,-11,-16,-16,-11,-10,-20,-5,-20,-6,-20,0,-13,-11,-12,-10,-13,-10,-13,-11,-5,-9,-14,-5,-16,-8,-17,-7,-11,-10,-12,-7,-15,-11,-16,-9,-11,-21,-25,-13,-18,-7,-19,-20,-23,-14,-18,-29,-2,-33,-19,-27,-20,-5,-29,-18,-28,-1,-35,-21,-42,-24,-31,-26,-30,-20,-19,-31,-24,-24,-37,-22,-37,-14,-35,-1,-32,-32,-29,-30,-29,-23,-25,-24,-11,-23,-30,-29,-27,-22,-26,-19,-24,-29,-24,-27,-26,-25,-24,-20,-23
2,0,-2,2,2,2,2,2,2,3,4,1,4,12,4,2,3,3,7,5,9,7,7,1,2,4,3,8,8,8,5,2,4,5,6,7,9,7,9,4,4,7,6,9,9,11,6,7,12,16,10,6,8,12,12,7,0,-1,2,0,-1,-1,1,1,-4,3,8,11,11,13,6,11,6,8,9,6,11,15,10,7,6,10,9,14,12,13,13,9,8,10,13,13,18,13,14,8,9,16,16,19,15,19,13,13,10,13,17,19,22,16,12,10,6,11,13,13,14,15,9,7,5,6,7,8,9,6,4,4,4,14,9,14,13,11,14,16,13,11,16,13,14,18,16,14,11,14,16,17,19,20,17,14,16,13,15,18,22,18,16,15,13,19,20,20,18,21,16,16,13,19,19,19,18,15,18,13,15,19,16,15,15,15,13,16,16,12,14,8,13,10,13,11,6,8,11,11,11,10,11,11,6,10,10,10,12,11,14,11,8,14,12,14,15,16,14,14,13,13,16,16,19,16,16,14,10,15,17,15,16,16,18,15,10,15,14,17,17,15,15,14,15,15,17,18,18,19,18,18,14,17,16,14,16,14,16,15,4,11,12,7,11,12,9,12,10,11,13,14,16,17,15,13,10,16,16,18,17,18,19,14,14,13,13,13,19,15,13,9,7,12,11,13,10,12,13,13,10,6,14,14,9,16,15,15,13,15,16,17,24,19,16,13,13,16,11,14,20,14,15,11,2,0,-2,1,2,0,-2,2,-74,-17,-23,-16,-9,-14,-21,-25,-5,-7,-9,-10,-11,-10,-9,-8,0,-1,-4,-2,-3,-5,-3,-3,0,0,0,-1,0,0,1,-1,0,-1,-1,2,2,3,0,1,0,-2,-2,1,1,-1,-2,0,2,-2,0,-2,-1,-1,0,0,-13,-11,-9,-6,3,-2,-10,-13,-9,-14,-40,-9,1,-17,-23,-14,-9,-16,-14,-23,-17,-17,-13,-11,-7,-11,-10,-12,-14,-12,-14,-12,-5,-5,-9,-10,-11,-12,-8,-9,-6,-6,-8,-7,-7,-6,-7,-6,-4,-5,-7,-5,-5,-6,-4,-3,-5,-5,-3,-4,-3,-4,-5,-1,-10,-8,-12,-4,-1,-2,-14,-11,-9,-13,-15,-13,-4,-21,-15,-15,-9,-11,-21,-16,-18,-14,-26,-12,-12,-14,-12,-15,-12,-14,-11,-25,-14,-12,-16,-11,-13,-10,-12,-10,-12,-15,-10,-11,-8,-10,-9,-12,-15,-12,-11,-10,-11,-7,-11,-9,-9,-11,-10,-11,-7,-10,-8,-10,-24,-23,-24,-12,-5,-15,-23,-26,-21,-21,-23,-15,-11,-16,-20,-23,-14,-14,-17,-16,-15,-14,-12,-15,-10,-10,-12,-13,-17,-12,-12,-13,-8,-5,-11,-12,-16,-12,-10,-11,-8,-10,-10,-12,-16,-12,-13,-12,-8,-9,-10,-12,-15,-12,-12,-11,-9,-9,-10,-14,-18,-12,-12,-11,-32,-31,-37,-31,-4,-25,-39,-38,-27,-34,-33,-34,-21,-37,-39,-34,-15,-20,-31,-32,-37,-34,-41,-27,-21,-23,-23,-29,-35,-31,-28,-43,-27,-20,-27,-31,-32,-29,-32,-29,-25,-31,-25,-27,-30,-30,-30,-29,-30,-25,-30,-25,-30,-29,-28,-29,-23,-27,-25,-26,-29,-24,-27,-26
2,-1,2,-2,0,-1,2,-1,-1,-1,0,0,2,2,3,3,2,1,1,2,2,1,2,2,1,1,2,2,1,2,2,2,1,2,2,2,2,2,2,1,1,1,1,0,0,0,2,0,2,-2,101,0,0,-2,1,1,-1,-2,-1,1,-1,0,1,2,-5,-4,-6,-5,-5,-5,-3,-6,-6,-5,-5,-6,-5,-5,-5,-5,-6,-5,-6,-6,-5,-5,-5,-5,-6,-6,-6,-5,-5,-5,-5,-4,-6,-6,-5,-5,-5,-5,-5,-4,-5,-5,-6,-6,-6,-5,-5,-3,-5,-4,-6,-6,-7,-5,-5,-4,-5,-6,-7,-6,-5,-5,-5,-5,-5,-14,-3,-11,-6,-11,-4,-13,-14,-5,-14,-5,-13,-3,-14,-5,-5,-12,-6,-15,-4,-14,-4,-11,-14,-5,-14,-6,-15,-5,-13,-4,-4,-14,-5,-15,-5,-13,-3,-12,-13,-5,-13,-4,-13,-4,-15,-3,-2,-13,-3,-13,-6,-15,-5,-11,-14,-3,-47,-3,-14,-4,-14,-4,-7,-11,-6,-7,-10,-8,-8,-5,-10,-11,-8,-9,-9,-10,-11,-10,-11,-10,-8,-7,-10,-11,-10,-11,-11,-9,-8,-7,-8,-11,-11,-9,-10,-11,-9,-11,-10,-11,-9,-10,-11,-11,-11,-10,-11,-10,-8,-10,-7,-10,-11,-9,-10,-10,-11,-11,-7,-11,-33,-10,-11,-8,-10,-10,-1,-1,-1,-1,-1,-3,0,-1,-1,0,2,-1,-1,2,2,4,3,2,3,5,1,1,7,3,2,-2,3,9,-3,8,12,4,6,5,7,6,3,8,8,10,7,7,8,8,3,7,8,8,8,5,5,7,7,8,8,4,5,9,4,8,6,11,2,4,2,-1,-1,-2,0,2,-1,-2,-40,-38,-19,-27,-35,-36,-29,-35,-16,-17,-17,-13,-11,-9,-7,-1,-12,-12,-11,-9,-9,-9,-9,-1,-10,-12,-11,-9,-9,-9,-8,-1,-9,-11,-11,-11,-10,-9,-8,-1,-9,-10,-12,-10,-9,-9,-9,-1,0,2,2,-2,-1,1,-1,1,-7,-8,-7,-7,-8,-8,-8,-6,-8,-7,-8,-8,-9,-10,-8,-8,-8,-9,-9,-8,-11,-8,-11,-8,-8,-9,-8,-10,-9,-10,-9,-10,-8,-10,-9,-10,-10,-10,-9,-10,-8,-109,-8,-102,-9,-9,-11,-9,-111,-9,-9,-8,-110,-8,-11,-8,-7,-7,-110,-9,-8,-10,-9,-9,-4,-9,-4,-11,-3,-10,-4,-10,-10,-4,-9,-3,-11,-3,-10,-4,-3,-10,-3,-11,-4,-11,-3,-111,-10,-3,-10,-3,-10,-4,-110,-4,-4,-11,-4,-10,-3,-110,-3,-10,-110,-4,-11,-3,-111,-3,-10,-4,-4,-108,-4,-113,-3,-10,-3,-9,-11,-3,-112,-4,-10,-3,-9,-4,-16,-16,-109,-18,-14,-14,-17,-15,-16,-17,-108,-16,-18,-16,-15,-15,-17,-18,-111,-17,-17,-12,-16,-15,-16,-17,-112,-18,-14,-18,-15,-16,-16,-16,-112,-19,-17,-15,-16,-15,-15,-14,-114,-15,-15,-14,-15,-14,-14,-16,-18,-15,-15,-13,-15,-13,-106,-15,-117,-14,-108,-109,-110,-107,-52,-48,-97,-45,-45,-47,-44,-48,-42,-54,-104,-31,-45,-29,-41,-26,-38,-33,-95,-41,-51,-42,-40,-95,-36,-39,-107,-42,-59,-48,-81,-34,-37,-39,-107,-56,-47,-92,-45,-53,-104,-52,-115,-35,-99,-25,-47,-20,-50,-104,-32,-107,-51,-46,-33,-32,-109,-19,-115,-14,-108,-110,-91,-80
1,0,0,0,0,2,-2,1,4,3,4,5,3,3,3,4,3,4,3,3,3,3,2,4,4,3,2,2,2,1,3,4,4,3,1,1,0,2,2,4,4,3,1,0,-1,-1,2,2,4,-1,2,1,-5,-1,0,3,1,0,1,-1,2,-1,1,1,15,16,17,16,16,17,16,16,16,17,16,17,16,16,17,16,17,17,15,17,17,14,16,16,17,17,16,17,16,16,17,16,16,15,16,15,15,16,15,16,15,15,15,15,13,14,14,16,14,15,13,15,14,14,14,13,13,14,16,15,15,15,14,11,17,17,18,19,19,19,18,18,17,18,18,18,19,18,18,18,17,18,19,19,19,19,18,18,18,17,18,18,19,17,18,18,17,17,18,18,17,18,16,18,18,19,18,17,17,17,18,16,18,19,18,19,16,17,17,17,18,18,19,19,19,16,19,18,28,28,28,27,28,27,28,27,28,28,29,28,27,28,27,28,29,28,29,28,28,28,28,27,29,30,29,30,29,29,29,29,28,29,30,29,28,29,29,29,27,29,29,28,29,28,28,28,25,26,27,27,26,26,25,24,23,25,26,24,26,24,25,24,-34,-19,-28,-11,-10,-34,-33,-42,-30,-20,-11,-23,-16,-26,-25,28,-27,-7,-19,-15,-16,-11,-6,-18,-7,-10,-12,-10,-17,18,3,4,-12,3,15,18,15,15,28,17,25,19,29,24,31,47,31,53,32,31,34,31,42,34,35,33,31,26,32,29,43,29,44,36,-2,0,1,1,1,0,-1,2,-18,-12,-8,-8,-4,-6,-8,-12,-8,-6,-6,-4,-4,-5,-6,-6,-6,-7,-6,-5,-5,-6,-6,-6,-6,-7,-6,-5,-6,-6,-7,-6,-6,-6,-5,-6,-4,-5,-6,-5,-6,-5,-4,-6,-5,-6,-6,-6,-1,0,1,1,1,1,-1,2,-11,-13,-14,-12,-13,-11,-11,-9,-14,-15,-16,-14,-14,-11,-13,-13,-15,-17,-15,-14,-12,-15,-14,-13,-15,-16,-16,-14,-14,-15,-14,-14,-14,-14,-16,-16,-16,-15,-14,-14,-14,-13,-14,-15,-14,-15,-14,-15,-13,-14,-13,-14,-13,-14,-13,-14,-12,-14,-14,-13,-13,-13,-14,-11,-16,-14,-17,-13,-14,-13,-15,-14,-14,-18,-15,-16,-15,-16,-13,-15,-19,-15,-17,-15,-16,-16,-15,-14,-14,-17,-16,-17,-15,-17,-14,-15,-16,-16,-18,-17,-17,-15,-17,-13,-14,-16,-15,-17,-15,-17,-15,-16,-16,-15,-15,-16,-17,-14,-17,-14,-14,-14,-16,-16,-14,-17,-13,-16,-30,-28,-28,-27,-26,-27,-28,-28,-30,-29,-29,-27,-26,-26,-27,-27,-30,-28,-28,-28,-27,-28,-28,-29,-29,-28,-28,-27,-27,-28,-27,-28,-28,-28,-28,-28,-28,-28,-28,-28,-28,-27,-27,-28,-27,-27,-27,-29,-28,-28,-28,-28,-27,-28,-27,-29,-28,-27,-28,-27,-27,-28,-29,-27,-55,-55,-53,-65,-57,-48,-51,-51,-58,-66,-79,-61,-83,-55,-60,-61,-70,-57,-60,-63,-70,-75,-60,-55,-69,-77,-77,-71,-66,-62,-60,-66,-86,-81,-73,-85,-84,-75,-67,-65,-74,-83,-87,-79,-77,-87,-73,-81,-78,-83,-88,-89,-85,-70,-77,-61,-76,-86,-85,-92,-83,-77,-80,-65
-2,-2,2,2,0,2,-3,2,2,4,5,2,0,5,5,1,3,5,4,3,6,3,5,2,4,5,5,6,4,5,4,2,5,8,8,6,7,6,5,2,7,11,12,12,13,9,7,5,12,14,18,22,18,11,17,12,-2,0,1,-3,2,-1,1,0,7,11,11,13,12,14,11,13,11,14,14,15,13,15,15,12,12,16,17,17,17,16,17,14,16,17,19,19,21,20,19,15,17,22,21,23,25,22,22,19,20,24,26,26,26,24,23,20,16,20,25,23,23,25,18,18,16,18,19,21,21,18,16,13,21,27,17,24,19,24,20,28,25,23,28,20,27,23,30,21,23,27,24,30,23,30,22,28,27,23,32,26,34,25,30,23,22,31,27,34,28,34,25,28,26,25,36,27,33,26,31,21,20,33,25,32,25,28,23,26,21,21,28,21,28,22,24,18,16,17,17,20,20,19,16,16,15,16,18,19,18,20,18,16,16,18,18,19,21,20,21,18,17,18,20,22,21,23,22,21,18,20,21,24,23,24,23,23,22,25,24,26,26,25,25,25,27,26,28,28,31,29,27,29,27,27,27,29,28,28,27,29,35,29,30,29,33,35,33,40,34,35,33,33,32,37,41,37,38,37,38,36,40,41,40,42,35,38,43,46,47,45,45,41,34,36,46,50,53,51,46,44,34,40,49,54,55,55,49,47,40,52,50,55,56,54,57,52,47,52,55,56,60,54,55,53,2,-2,-1,0,-1,0,-1,1,-10,-2,-8,-1,-12,0,-11,-4,-7,-1,-4,-2,-5,-4,-1,-4,-3,-3,-4,-3,-4,-4,-3,-5,-1,-2,-3,-6,-5,-5,-2,-2,0,-1,-4,-5,-6,-5,-2,-1,0,-2,-3,-1,-3,-4,-2,0,0,-1,0,0,-1,1,-2,2,-8,-7,-8,-7,-7,-5,-7,-7,-12,-13,-14,-9,-11,-17,-9,-11,-9,-13,-16,-16,-18,-15,-14,-9,-12,-15,-13,-14,-15,-15,-13,-13,-10,-9,-14,-12,-12,-13,-10,-10,-8,-11,-11,-13,-13,-15,-11,-11,-6,-7,-11,-10,-11,-11,-9,-7,-5,-6,-6,-8,-9,-9,-8,-6,-14,-8,-8,-4,-7,-4,-9,-12,-12,-12,-13,-9,-6,-15,-9,-13,-10,-12,-13,-9,-13,-10,-12,-6,-11,-15,-10,-13,-13,-12,-11,-13,-13,-7,-12,-11,-13,-11,-11,-10,-8,-12,-12,-15,-12,-16,-12,-14,-11,-11,-14,-9,-14,-10,-14,-10,-9,-11,-7,-12,-9,-11,-10,-12,-12,-11,-11,-6,-11,-7,-13,-10,-12,-12,-14,-10,-10,-13,-9,-11,-8,-9,-10,-7,-9,-7,-7,-6,-7,-7,-6,-8,-7,-7,-8,-8,-7,-4,-10,-6,-8,-7,-6,-8,-5,-9,-8,-9,-8,-10,-9,-10,-7,-6,-9,-7,-9,-8,-8,-7,-6,-9,-9,-11,-10,-10,-9,-8,-32,-29,-46,-12,-29,-24,-29,-27,-29,-28,-33,-11,-9,-28,-20,-24,-25,-25,-23,-13,-20,-12,-17,-10,-25,-23,-11,-17,-16,-14,-20,-21,-27,-9,-21,-14,-16,-19,-19,-20,-20,-28,-20,-24,-20,-26,-25,-28,-24,-24,-27,-23,-29,-21,-28,-24,-22,-28,-27,-29,-24,-27,-23,-25
-2,2,1,-1,-2,-2,1,1,3,2,-1,-2,1,4,2,0,2,0,5,-2,2,-4,4,1,3,4,0,6,-4,3,-2,-1,5,0,11,-4,9,-3,4,0,10,1,13,13,8,7,3,2,22,-1,17,10,19,-1,12,5,-1,-2,0,2,0,-1,0,1,10,11,10,11,8,11,9,11,11,8,12,9,14,10,11,10,13,10,16,12,13,11,13,8,11,9,14,8,12,9,7,12,7,15,4,18,7,13,8,11,5,13,9,11,12,12,11,6,12,8,11,5,11,11,9,3,7,5,5,6,5,5,5,9,9,12,15,14,11,9,10,17,13,6,14,14,12,12,15,10,9,14,12,14,12,14,13,14,14,12,14,13,12,12,12,9,13,14,14,11,14,11,11,13,12,12,14,15,12,13,13,6,10,11,14,11,14,14,9,13,13,11,11,10,12,13,12,10,18,23,21,24,22,22,19,23,21,20,22,20,23,17,22,17,18,22,19,24,18,21,17,19,20,21,21,20,22,17,20,15,16,22,18,22,20,18,16,17,17,19,16,15,17,14,16,15,16,22,15,20,17,20,18,18,19,22,19,19,20,21,19,19,28,44,37,42,34,37,33,42,45,31,43,33,40,37,42,27,31,43,28,43,28,43,32,36,43,29,42,25,41,31,38,28,42,42,34,40,31,39,26,37,36,42,40,31,33,23,35,20,40,35,30,30,39,36,24,33,38,32,29,27,24,25,28,25,-2,0,2,-2,2,0,2,-2,-8,3,-7,4,-12,-2,-16,-2,0,-5,-2,-12,-2,-10,-4,-6,-5,-3,-7,-3,-8,-4,-6,-2,-5,-3,-3,-8,-1,-6,-4,-1,-7,0,-15,2,-8,1,-6,1,-6,0,-8,-1,-2,-5,0,0,2,0,0,0,0,2,3,1,-3,-2,-2,-2,-1,-2,-4,-3,-5,-7,-1,-8,-1,-20,-4,-5,-10,-7,-17,-6,-12,-4,-17,-6,-8,-10,-9,-10,-11,-10,-10,-10,-11,-10,-9,-12,-10,-13,-11,-7,-11,-12,-13,-8,-11,-13,-10,-11,-13,-5,-17,-5,-12,-9,-10,-8,-14,-10,-12,-8,-11,-7,-10,-8,6,-22,8,-16,5,-15,5,-25,-25,5,-26,5,-20,4,-52,4,3,-32,3,-45,5,-39,4,-33,-30,2,-42,2,-41,3,-36,3,0,-31,1,-37,1,-35,0,-34,-36,0,-43,4,-32,2,-30,2,-1,-39,2,-23,2,-35,3,-31,-38,1,-20,-1,-30,4,-25,2,-18,-10,-16,-10,-15,-11,-16,-12,-17,-17,-16,-17,-7,-17,-14,-15,-18,-12,-16,-13,-15,-15,-17,-16,-18,-13,-16,-18,-14,-16,-18,-18,-23,-13,-20,-19,-20,-19,-19,-16,-24,-16,-21,-17,-19,-18,-16,-16,-22,-15,-22,-19,-20,-16,-20,-12,-20,-18,-25,-21,-20,-21,-14,-18,-26,-25,-25,-19,-18,-21,-21,-30,-33,-29,-33,-21,-11,-54,-48,-24,-23,-41,-27,-56,-17,-56,-25,-55,-40,-23,-62,-30,-52,-28,-52,-28,-35,-41,-30,-45,-30,-47,-32,-38,-47,-29,-49,-26,-40,-27,-35,-27,-29,-42,-32,-34,-27,-35,-31,-38,-42,-32,-40,-34,-36,-28,-34,-30
1,-1,1,0,2,-1,-1,1,-6,-3,-2,-1,-3,2,4,3,-5,-2,-2,-2,1,-1,1,2,-3,-1,-1,0,0,0,-2,2,-1,2,1,2,2,3,2,3,4,5,6,7,6,9,6,9,9,10,8,6,5,10,4,7,2,-1,1,-2,-2,1,-1,0,-11,4,1,7,5,9,7,7,-1,3,0,6,6,7,8,7,4,1,6,7,9,6,10,8,6,6,8,10,8,14,9,14,3,5,7,8,12,13,11,9,3,4,8,9,10,11,8,8,3,3,4,6,8,6,8,6,-4,-1,3,3,3,5,4,5,-17,-1,2,9,3,7,5,14,1,-1,7,3,11,7,12,6,1,8,-1,11,6,14,7,12,7,1,11,2,11,5,12,6,2,10,4,11,1,8,3,12,10,6,10,5,8,3,7,4,4,12,5,7,0,7,-3,8,9,3,8,3,8,1,6,-3,3,1,0,3,5,6,4,4,2,2,3,4,4,7,5,5,1,1,4,5,6,6,6,6,1,4,4,6,6,6,6,4,3,3,6,7,10,9,8,6,3,4,4,7,7,10,5,8,4,5,6,8,9,9,7,7,4,4,7,8,7,9,6,7,11,30,28,37,27,20,16,15,24,22,42,32,36,22,15,17,24,35,27,36,27,34,29,22,30,20,32,20,30,26,38,18,20,26,23,31,25,33,27,41,17,23,24,25,22,13,39,11,15,20,20,21,16,17,12,18,18,17,17,15,17,13,17,13,1,2,0,-1,0,0,-1,-1,12,9,-2,-23,-27,-36,-25,-21,9,2,-8,-18,-27,-29,-27,-18,5,0,-3,-7,-7,-11,-11,-9,1,0,-1,-4,-4,-4,-4,-3,0,-1,-3,-3,-4,-1,-3,1,0,-2,-1,-2,1,-10,0,-5,0,2,1,1,2,-2,0,0,-6,-8,-12,-14,-17,-16,-16,-11,-8,-11,-19,-19,-23,-23,-21,-14,-12,-13,-18,-23,-24,-25,-18,-15,-12,-15,-15,-19,-18,-21,-15,-14,-12,-12,-13,-15,-17,-16,-15,-6,-8,-11,-9,-14,-13,-13,-9,-13,-10,-9,-11,-7,-11,-12,-8,-7,-8,-8,-11,-10,-9,-8,-7,-8,-10,-9,-10,-11,-15,-16,-14,-12,-10,-10,-12,-18,-24,-23,-19,-14,-14,-13,-19,-23,-25,-26,-22,-18,-14,-17,-18,-21,-19,-20,-16,-17,-13,-15,-16,-17,-18,-16,-14,-15,-12,-15,-14,-15,-15,-13,-14,-13,-12,-13,-12,-10,-9,-16,-10,-11,-13,-11,-10,-10,-12,-6,-10,-9,-22,-22,-24,-23,-26,-27,-24,-24,-22,-22,-23,-27,-33,-32,-28,-26,-18,-16,-20,-23,-28,-29,-25,-20,-16,-17,-17,-18,-21,-22,-19,-18,-15,-12,-16,-16,-17,-18,-17,-14,-13,-14,-16,-16,-15,-17,-15,-17,-13,-14,-16,-17,-18,-18,-18,-15,-12,-13,-16,-18,-18,-17,-17,-18,-31,-31,-41,-46,-50,-48,-36,-32,-33,-33,-30,-53,-69,-56,-36,-41,-36,-39,-42,-60,-52,-61,-52,-48,-27,-34,-38,-36,-36,-40,-39,-44,-31,-29,-32,-28,-32,-26,-26,-26,-23,-25,-28,-28,-24,-30,-25,-29,-29,-23,-23,-23,-21,-25,-29,-37,-33,-26,-22,-17,-30,-26,-33,-30
-2,1,2,-1,-2,1,-2,2,-3,6,4,0,3,5,6,1,-4,4,-2,2,1,10,5,2,-2,-1,9,0,10,3,7,1,-1,1,0,3,2,4,5,-1,-1,-5,1,-3,2,-7,0,-2,0,-15,-3,-10,-7,-8,-1,-8,-2,1,-2,1,-2,-2,1,0,19,17,17,16,13,11,12,8,16,6,16,6,14,14,17,12,16,8,30,4,22,6,16,11,10,17,7,11,9,14,11,11,2,24,1,27,-3,15,3,15,3,18,7,8,12,18,9,6,8,-7,21,-1,10,-3,7,4,5,-15,-6,-20,4,-18,-5,-3,19,6,19,11,20,13,21,6,12,19,11,18,11,19,12,17,17,11,16,7,18,12,16,9,9,15,15,20,12,18,9,16,13,11,14,12,16,10,17,10,9,15,13,14,12,17,7,15,14,5,14,7,15,8,19,6,7,11,1,15,-1,14,8,13,23,16,17,18,17,13,14,15,19,16,16,16,13,13,12,14,22,17,17,16,14,13,14,13,15,11,11,16,9,14,7,10,18,13,17,12,17,14,13,11,12,11,12,13,4,9,2,7,13,11,12,10,9,7,6,4,12,8,13,7,8,-1,6,5,37,24,34,33,36,29,27,26,27,35,31,37,33,33,28,30,32,32,34,32,31,30,32,27,28,26,29,28,27,26,25,27,39,26,33,11,30,18,27,24,25,18,24,22,18,14,12,19,28,23,22,10,16,23,16,15,16,17,16,17,26,19,7,19,2,1,2,0,2,0,0,1,23,-49,14,-15,12,-14,9,-30,0,-5,10,-8,3,-6,5,-6,-1,-18,1,-18,3,-5,3,-4,0,0,-5,3,-7,3,-2,-1,-5,1,-11,4,-10,6,-4,1,-2,1,-6,5,-7,5,-4,1,-2,-1,-2,0,-1,1,-3,1,-10,-11,-4,-11,-9,-9,-8,-12,-13,-13,-31,-10,-8,-13,-13,-14,-6,-27,2,-19,-4,-32,-23,-13,-10,-23,-13,-29,-11,-14,-10,-18,-15,-7,-15,-1,-18,-11,-15,-16,-17,-14,-16,-10,-15,-11,-15,-9,-15,-16,-15,-11,-14,-13,-16,-15,-14,-13,-14,-9,-15,-13,-14,-15,-21,1,-10,2,-12,2,-19,-4,1,-35,-3,-11,7,-25,-8,-19,-2,-8,-1,-7,-9,-11,-25,4,-3,-33,-8,-36,-4,-16,-6,-25,-30,1,-31,9,-36,-2,-20,-5,-13,-22,-10,-15,-10,-16,-10,-14,-24,-14,-15,-10,-17,-11,-21,-12,-12,-18,-9,-20,-4,-17,-8,-20,-23,-31,-29,-27,-25,-29,-28,-25,-15,-21,-21,-22,-10,-20,-16,-23,-9,-22,-1,-23,-6,-25,-10,-14,-14,-19,-18,-17,-12,-8,-13,-16,-17,-7,-16,-2,-18,-8,-13,-13,-15,-13,-18,-13,-14,-8,-17,-10,-11,-18,-12,-18,-12,-16,-10,-15,-16,-13,-19,-15,-18,-9,-14,-14,-31,-21,-25,-12,-19,-50,-45,-44,-14,-35,-24,-12,7,-38,-46,-44,-16,-38,-3,-27,-10,-41,-46,-25,-20,-50,-39,-45,-23,-33,-31,-46,-43,-15,-47,-5,-48,-25,-42,-34,-33,-37,-36,-37,-33,-34,-37,-32,-34,-40,-32,-39,-34,-45,-36,-40,-35,-39,-36,-39,-34,-32,-35,-44
-1,1,-1,1,1,0,-2,-1,-1,4,3,3,4,4,1,-2,0,3,5,2,3,3,2,-2,-1,2,3,6,11,8,5,0,-2,1,1,8,7,9,5,2,-1,-4,-3,0,4,7,3,2,-5,-9,-13,-8,-9,0,-3,2,0,2,-2,2,-1,-2,-2,-2,12,13,14,12,18,12,19,14,10,15,14,13,12,14,8,14,11,15,8,19,8,34,7,20,8,4,7,12,8,12,11,14,6,7,7,1,13,2,15,5,-10,3,-1,2,4,-2,8,-9,3,-8,2,-8,-4,9,-6,8,-4,-14,-16,-10,-15,-13,-15,2,16,19,16,16,13,17,17,13,13,14,13,15,14,15,9,13,12,13,16,14,13,12,14,11,13,13,11,16,14,16,12,12,11,10,13,11,16,11,15,11,11,13,10,12,9,16,11,12,12,9,13,7,14,10,14,13,10,12,7,-5,8,0,8,14,21,19,18,20,16,19,23,24,19,18,15,19,13,19,21,24,18,18,17,16,14,19,17,24,15,15,12,12,13,11,13,15,16,16,13,19,13,20,11,21,14,13,13,16,15,14,16,16,10,10,10,11,11,9,2,15,14,13,10,12,7,11,8,14,29,29,32,34,35,35,32,37,28,30,30,32,32,35,32,35,28,31,31,30,29,28,34,28,27,24,16,23,21,29,25,27,24,29,22,19,15,21,22,28,27,22,23,23,15,19,17,28,26,13,16,19,25,10,24,22,20,19,20,23,21,24,21,18,2,0,0,1,2,1,1,-1,5,8,3,18,5,17,7,10,-8,3,-13,9,-17,13,-8,1,-5,1,-8,3,-40,4,-32,2,-2,0,-6,3,-5,2,-2,1,-1,-1,0,-2,-2,-7,-1,-3,0,1,0,1,-1,-3,0,-2,1,2,-2,-2,2,-1,0,2,-9,-15,-8,-8,-10,-6,-12,-11,-16,-18,-17,-7,-8,-32,-12,-13,-15,-21,-34,-5,-28,4,-30,-19,-19,-11,-19,-9,-33,-15,-27,-12,-16,-14,-14,-11,-8,-12,-10,-19,-14,-13,-15,-14,-15,-13,-15,-14,-16,-18,-15,-15,-13,-16,-15,-16,-13,-15,-11,-15,-12,-14,-14,-12,-12,-11,-11,-12,-7,-8,-8,-14,-12,-25,-18,1,-14,-7,-31,-7,-5,-12,-18,-7,-26,-1,-17,-4,-15,-12,-14,-11,-28,-20,-30,-11,-15,-16,-16,-18,-5,-18,-7,-25,-15,-19,-12,-16,-10,-14,-14,-15,-24,-16,-17,-11,-16,-13,-17,-16,-16,-17,-12,-14,-11,-15,-15,-15,-25,-30,-34,-30,-30,-52,-17,-24,-19,-15,-17,-5,-21,-11,-19,-12,-13,-14,-20,-11,-22,-3,-25,-10,-17,-14,-15,-11,-24,-20,-20,-12,-16,-13,-11,-13,-5,-13,-7,-14,-14,-15,-10,-10,-11,-10,-14,-11,-15,-14,-14,-11,-16,-14,-15,-13,-18,-14,-14,-12,-18,-14,-15,-17,-38,-30,-35,-10,-8,-22,-19,-26,-37,-46,-36,2,-18,-7,-35,-14,-34,-35,-50,-28,-40,-2,-43,-25,-45,-40,-39,-31,-47,-48,-46,-27,-41,-40,-41,-37,-24,-31,-23,-40,-40,-41,-37,-39,-36,-35,-34,-36,-43,-39,-43,-37,-40,-38,-40,-38,-41,-38,-38,-38,-38,-39,-39,-40
0,2,-2,1,1,0,-2,2,3,2,0,-2,-1,-1,4,12,3,2,2,0,-1,2,3,7,2,3,1,-2,4,-2,-1,5,3,4,4,6,2,3,3,1,6,8,8,7,7,7,4,-1,11,20,11,15,13,11,8,8,2,1,-2,0,-2,-2,0,1,11,7,10,6,10,5,8,8,9,9,11,7,10,9,7,12,9,12,4,10,8,6,7,12,8,10,6,14,5,13,8,12,10,9,12,9,12,10,11,10,11,9,13,12,13,11,15,8,10,10,9,11,10,15,11,8,8,8,10,11,10,6,10,9,17,6,14,9,15,10,14,9,12,16,10,14,12,16,10,18,14,13,16,10,14,12,16,13,13,16,10,16,8,15,10,18,16,13,16,12,17,12,15,15,11,16,11,16,15,18,11,15,16,10,16,12,16,15,17,8,11,16,12,16,10,15,7,15,19,19,23,21,21,18,15,9,19,22,23,22,21,21,16,8,20,21,24,22,20,21,20,9,25,23,24,23,22,24,21,20,23,23,23,22,21,20,21,21,26,23,24,24,22,25,23,27,27,27,26,28,26,27,26,34,30,26,27,27,26,27,26,31,38,37,40,41,38,37,34,21,40,40,38,39,39,34,28,33,38,37,44,38,35,32,38,36,42,44,40,40,35,41,30,34,45,42,43,44,40,36,39,33,44,44,45,47,42,55,40,39,49,43,50,47,45,46,54,43,48,47,45,47,45,51,44,42,-1,2,0,2,0,3,-2,-1,8,-14,3,-9,-2,-14,-5,-2,3,0,-4,-1,-6,0,-10,15,1,-1,-3,-1,-5,1,-4,12,0,-2,-6,0,-11,2,-6,11,-1,-3,-1,-1,-2,0,-3,13,1,-4,-2,-4,1,-3,0,10,2,-1,-2,-2,-1,0,1,-2,-2,-6,-3,-5,-8,-7,-6,-2,-5,-5,-11,-5,-11,-2,-10,-7,-7,-10,-10,-12,-12,-12,-9,-8,-7,-6,-12,-6,-12,-5,-9,-7,-9,-8,-10,-13,-14,-10,-11,-6,-11,-11,-12,-9,-9,-9,-14,-7,-6,-9,-9,-11,-9,-11,-8,-6,-5,-12,-8,-9,-7,-6,-5,-7,-8,-2,-4,-4,-8,-4,-9,-3,-6,-15,-2,-8,-4,-14,-7,-18,-10,-4,-19,-2,-19,0,-19,-8,-5,-12,-5,-14,-7,-11,-6,-14,-10,-5,-18,-7,-19,-10,-17,-6,-8,-18,-5,-18,-5,-18,-8,-15,-13,-6,-15,-8,-13,-8,-16,-6,-5,-15,-8,-11,-7,-11,-4,-9,-13,-18,-15,-19,-15,-18,-16,-17,-15,-16,-18,-15,-21,-16,-23,-13,-14,-14,-16,-16,-17,-17,-15,-15,-15,-15,-18,-13,-20,-15,-17,-13,-16,-19,-17,-21,-18,-20,-18,-11,-15,-17,-18,-16,-17,-16,-19,-7,-14,-18,-15,-17,-18,-16,-16,-7,-19,-17,-18,-17,-20,-17,-13,-8,-25,-31,-26,-45,-61,-26,-32,-29,-34,-32,-25,-26,-70,-38,-74,-48,-31,-25,-42,-31,-37,-21,-34,-34,-32,-27,-32,-37,-42,-29,-21,-36,-28,-38,-36,-36,-44,-30,-37,-26,-29,-33,-28,-30,-28,-29,-28,-24,-31,-29,-30,-29,-29,-28,-25,-22,-28,-25,-27,-30,-30,-23,-24,-19
-1,-1,-2,1,0,0,1,2,4,4,4,4,4,3,5,2,3,4,4,4,4,3,3,3,4,5,5,5,5,5,5,4,4,4,6,5,8,5,7,4,3,7,1,5,2,5,6,3,9,-1,14,-6,8,1,11,4,-2,1,-1,2,1,0,-2,-1,6,10,7,15,9,14,11,15,10,13,10,14,11,13,12,12,12,10,15,12,15,12,15,13,11,14,13,17,14,16,15,14,13,12,15,14,15,17,18,14,13,13,19,17,18,18,17,16,12,12,15,14,14,17,16,13,6,11,7,13,10,12,7,11,5,20,8,21,8,19,5,22,22,8,21,8,21,7,21,7,7,21,7,23,8,23,9,23,21,9,22,7,24,8,22,9,7,23,8,23,7,23,9,21,23,8,23,9,23,8,23,7,9,23,9,22,10,23,7,21,20,8,21,8,22,8,21,7,19,20,18,20,20,20,20,18,19,21,20,20,21,22,20,20,21,22,23,21,23,21,22,23,21,24,23,22,20,22,20,21,21,23,25,23,24,24,21,23,23,23,23,22,23,26,21,25,24,26,24,26,22,25,22,24,24,25,25,25,23,25,21,25,42,43,40,45,40,46,40,44,45,40,45,42,47,43,49,39,42,49,41,47,45,48,42,52,50,47,48,41,51,43,50,41,45,56,47,52,43,51,41,45,57,51,54,40,60,36,47,40,45,50,48,44,37,42,30,41,50,50,59,42,44,43,41,33,-1,-2,-2,0,-2,2,-2,-1,-46,-8,-51,-9,-45,-9,-45,-11,-8,-7,-5,-7,-7,-6,-8,-9,-5,-4,-2,-2,-5,-3,-6,-3,-4,-2,-2,-3,-1,-3,-3,-2,-4,-2,-2,-1,-9,-3,-4,-2,-4,-7,-1,-10,-1,-5,-2,-2,-2,0,1,0,-2,-2,2,0,-13,-14,-16,-15,-15,-12,-14,-12,-12,-17,-17,-16,-15,-13,-13,-13,-14,-14,-17,-14,-17,-13,-13,-11,-13,-18,-12,-20,-11,-19,-11,-15,-15,-10,-17,-11,-17,-12,-15,-12,-10,-16,-13,-18,-14,-14,-13,-13,-13,-14,-15,-16,-14,-12,-15,-10,-8,-11,-15,-16,-12,-16,-11,-12,-11,-15,-9,-16,-8,-15,-9,-17,-16,-9,-16,-10,-15,-8,-17,-9,-8,-15,-9,-14,-8,-12,-8,-10,-16,-9,-15,-9,-15,-8,-17,-9,-8,-14,-8,-14,-9,-17,-7,-17,-16,-9,-17,-9,-22,-8,-17,-7,-6,-20,-8,-80,-6,-20,-7,-15,-15,-7,-81,-7,-18,-6,-16,-8,-24,-21,-24,-22,-25,-20,-25,-21,-20,-24,-19,-26,-21,-25,-19,-23,-22,-19,-25,-20,-26,-19,-26,-17,-19,-26,-17,-29,-17,-26,-22,-22,-21,-17,-22,-14,-26,-16,-22,-18,-16,-24,-16,-24,-17,-25,-20,-21,-21,-18,-20,-18,-22,-17,-22,-18,-19,-22,-17,-21,-19,-20,-20,-19,-50,-49,-48,-63,-63,-47,-49,-46,-45,-46,-42,-56,-35,-42,-37,-44,-44,-38,-47,-36,-41,-37,-42,-44,-38,-41,-36,-42,-36,-47,-41,-42,-39,-39,-39,-41,-43,-36,-40,-40,-37,-39,-38,-40,-41,-39,-39,-38,-37,-37,-38,-46,-38,-38,-35,-34,-37,-33,-38,-35,-36,-35,-38,-37
