-7,26,0,8,-3,-17,-9,7,-3,23,5,-20,-7,-14,-12,-7,1,-42,0,-6,-1,-1,12,6,-2,-1,-18,-11,1,-26,-3,-33,31,4,-3,20,5,5,-6,-12,1,-4,21,2,1,-3,7,-8,-1,4,-2,-5,4,-6,10,2,3,1,-7,-10,13,0,3,-7
-7,4,-2,7,-2,-5,-2,6,-4,-78,1,-16,-10,-6,14,2,-4,-61,-2,-31,4,-2,-79,-7,5,1,-11,-17,4,-54,2,15,-6,0,7,-54,6,-3,-4,33,-6,-2,5,-8,0,1,8,-20,-8,-3,3,7,-3,0,-10,-3,-4,2,0,-47,-21,-2,8,-1
0,3,3,5,-6,2,11,3,-6,19,-5,-19,-7,-2,-24,-1,-6,-6,-2,-11,-5,-1,-7,2,-2,-6,-19,-1,-1,-8,2,9,15,-6,-4,3,-6,0,-4,12,-2,6,13,-8,2,-4,-5,-5,6,5,-6,-4,7,3,15,-8,-2,3,6,27,2,-4,0,-7
6,-20,-5,6,4,-32,-19,-8,3,7,4,-18,-14,-9,-5,-8,-6,-6,-5,-7,7,2,14,-6,1,-6,-36,-17,0,7,4,28,-7,1,4,-7,-1,1,-2,-9,-1,-6,7,8,8,0,-5,-9,2,3,-2,7,5,3,-12,0,-6,-2,1,-18,19,1,17,-16
5,-50,-4,-7,5,-22,-10,5,-4,10,5,-7,-35,-25,-11,-8,5,-68,-1,-20,5,-2,15,-5,-6,5,-3,-12,-8,-22,-3,-62,19,-3,-6,10,5,-4,4,-11,6,4,0,-6,-6,-4,2,-13,-4,7,7,0,5,3,16,-3,6,-2,-4,-2,-11,7,-15,0
4,-7,5,6,6,-29,-22,-8,6,-71,-3,-122,-14,-7,-8,-3,-8,-1,-1,-11,1,4,-46,-2,4,-1,-97,31,2,-13,3,-11,-20,-6,4,-11,-6,6,-1,1,0,8,-28,1,-3,-6,1,-12,5,0,0,5,-2,1,2,6,3,-7,-1,-10,-75,-4,-16,-1
-3,-4,-3,7,4,1,2,7,-1,-7,7,4,0,-6,-7,-4,0,0,-4,-5,6,6,-7,-2,1,4,-6,-2,2,-5,8,-4,-8,-1,7,-1,-2,-2,-7,-6,-3,-1,0,-3,7,5,4,-4,7,-5,8,-5,-2,4,-2,-1,8,-4,8,-7,-8,-3,-2,-8
6,6,-4,-4,-4,18,17,0,3,-37,-1,-15,-26,-23,-29,-4,-3,12,3,40,-2,-5,-5,7,5,5,-38,-43,-1,-18,-5,-27,6,4,6,1,-3,5,-7,-2,-7,-6,9,6,-7,5,-2,-1,-2,-6,1,8,0,2,6,-2,-1,0,1,8,-28,0,-10,4
-1,-28,6,-4,-5,-5,-9,1,-5,-76,-3,-11,-3,-9,-2,-6,4,-50,5,-19,3,-1,-53,-1,1,-6,1,-7,-3,-35,-5,35,12,4,-6,-37,-2,1,-4,4,1,-6,16,5,-4,-4,5,-11,-4,6,-1,4,2,1,4,6,-6,-5,-2,-30,-41,2,14,5
2,7,7,-1,2,33,18,8,5,-25,-3,-10,-6,4,2,2,-3,4,-7,2,-6,5,-19,2,7,-6,-5,3,-6,-8,4,-63,-11,4,-4,1,8,-7,1,5,4,-6,-2,-7,-4,-4,3,-4,-1,-5,-3,-7,-8,5,2,-8,-5,-6,-1,-4,-4,-1,-7,-3
-5,20,6,7,2,-14,-11,-5,3,-21,2,-19,4,-16,-15,-8,1,-44,4,-5,-6,-2,-1,0,3,1,-13,-17,-4,-47,6,5,19,7,0,7,-5,-3,1,-10,-5,5,26,3,7,4,6,-8,-1,-4,-5,-3,-4,2,-3,-1,6,-5,7,-11,-24,7,23,13
-6,1,2,-4,-5,-28,-11,6,-1,-20,6,-7,-7,-12,-15,-3,4,-26,1,-4,-7,0,-3,-5,5,-2,19,8,-7,-23,7,30,0,0,2,7,4,-2,-4,-6,-2,-2,11,6,5,-7,-7,-9,-4,-1,-2,1,7,-5,-2,-7,-1,-7,1,-5,-18,6,15,1
-8,0,5,-6,-3,13,11,6,3,-102,-7,21,9,-7,10,5,-5,7,4,19,5,-7,-86,0,-1,-2,-2,12,-7,8,-6,0,-20,-2,5,-13,-2,3,7,-12,2,-2,1,3,-8,-5,-5,5,6,-7,7,3,-1,1,11,-6,-7,8,0,6,-19,-5,-2,23
3,11,3,0,6,-7,-3,1,-3,-4,4,-27,3,-41,10,-1,2,-8,-4,1,-3,1,10,1,1,4,-73,-24,5,-2,5,-3,-74,0,2,-13,-1,0,-1,1,-6,-4,7,5,7,6,-2,-82,1,0,2,6,-3,2,-62,0,-3,-1,0,-44,7,2,4,5
-4,12,3,-3,-8,-9,-4,-5,-5,0,-7,-22,1,2,-20,-4,-7,-2,-5,0,5,5,34,8,-5,-8,-26,-18,7,-26,-1,-13,-2,-4,4,15,-3,-4,4,8,6,5,-12,-2,3,6,-5,-11,-5,-1,8,0,2,1,2,-5,2,4,1,-7,-44,8,7,1
6,-10,-6,3,2,7,-4,-2,-1,-6,-7,-1,-12,-4,-38,-7,-2,-127,-5,1,-7,-5,1,2,-2,7,16,9,-7,-124,-5,-8,12,6,7,18,4,7,7,4,7,3,-9,6,7,-7,5,-3,-6,6,4,1,0,-2,11,-8,1,5,5,6,-32,-3,-3,7
-6,14,-3,-6,7,26,-23,-2,0,10,-6,-40,5,-2,-5,-6,4,-33,-7,-9,0,2,0,-2,-2,3,-54,9,1,-14,6,25,12,3,-5,-13,1,-1,-5,-6,4,6,1,0,-5,5,-2,4,-8,-4,0,-7,-7,4,3,0,0,0,5,13,-30,7,-9,1
7,-14,-7,7,0,10,8,4,-5,4,-5,16,-2,8,23,1,2,-16,-5,5,0,4,9,-8,-4,6,-15,-8,-1,11,-3,-53,9,4,0,16,-1,3,5,20,-5,-2,-5,1,-6,-5,-3,5,0,8,-1,0,5,-7,20,1,-3,4,5,5,-79,-4,-10,15
2,28,5,5,-7,-6,3,6,1,7,5,14,20,-1,-4,-3,-2,-20,4,-22,-1,6,-2,7,3,5,24,11,5,-13,-6,-92,3,-1,4,18,-8,3,4,-2,-1,-6,1,-6,5,7,-2,7,0,-7,-8,-1,5,-3,0,-5,0,3,0,7,-52,-7,-11,10
4,-14,1,3,-4,9,3,3,-4,-4,-1,-12,-77,-45,-127,-3,-7,22,-3,17,-5,-6,10,-4,-3,3,14,-6,-3,-23,-7,0,1,-4,2,0,7,-3,-2,9,-5,-7,3,-5,5,-4,-6,-1,-1,-5,-4,4,1,6,2,5,1,3,-5,8,-65,2,-8,5
-1,1,-3,6,-6,42,33,3,0,-56,2,-3,-16,-9,3,-1,7,13,-4,-36,1,5,-39,5,1,7,-4,4,-1,5,7,-24,6,-6,6,-14,7,6,-5,-14,-8,5,14,-2,6,-1,-5,-18,8,-6,-2,2,-4,1,-11,-8,4,7,7,-16,-28,-5,-7,-23
-4,-9,-3,2,0,-12,-10,1,-1,-36,-7,7,-13,-1,26,4,1,1,2,-25,0,1,0,4,3,2,7,15,-7,-5,-2,-27,16,5,-7,59,2,-5,6,-11,2,-7,-3,2,-4,3,-5,3,-1,4,2,-7,8,7,-2,0,-7,7,-3,3,-10,3,-5,-6
2,10,7,6,6,22,19,-4,-7,-126,0,20,13,0,16,3,7,-10,2,18,-5,6,-112,-5,3,-5,20,5,-7,-5,4,-26,-36,5,3,8,-2,3,3,6,-3,-1,6,4,-2,8,0,12,-6,4,3,-4,-7,-1,5,-1,7,6,4,7,0,3,-13,10
-1,18,-4,6,1,4,0,8,1,2,5,12,-4,2,1,-6,-2,-19,3,-17,-4,-3,-8,0,5,3,40,19,6,-36,-6,-14,6,-6,7,-1,5,4,-5,-1,8,5,-2,-8,6,2,6,-2,-6,0,1,2,8,-3,-2,-7,0,-4,4,0,-16,-7,-3,-12
7,-3,-1,6,0,4,3,4,-2,-10,-1,3,2,6,1,4,2,12,-6,-5,1,5,-3,-7,-4,-6,-30,-6,-2,9,-3,-14,-18,-4,-4,6,4,-1,-4,5,-1,-1,2,4,5,-2,-2,6,-3,-7,-7,-8,-2,-3,3,7,0,-2,-3,5,30,6,-8,-1
8,-50,-2,7,4,-13,-26,4,-8,-1,6,-7,26,-6,-11,-5,-1,-16,7,-17,-2,-2,9,6,3,3,1,-7,-2,-15,-5,13,-14,-6,1,3,2,7,5,-7,-1,0,-4,-2,-8,0,4,-4,6,1,5,-2,1,-6,-2,1,1,1,0,37,11,8,4,-8
2,-5,-3,-3,-6,-8,8,8,1,-22,2,-19,18,7,-22,-7,7,7,3,31,-4,3,2,1,0,-2,2,4,4,1,-7,-9,-15,4,-4,43,0,-5,-8,6,-7,3,-22,4,1,1,1,1,7,-1,4,7,-4,2,8,5,-7,7,2,16,-8,3,-11,7
-5,13,-6,-6,-2,30,20,3,-6,-1,7,-3,-16,-6,-3,-1,-6,4,4,-21,-3,-2,-6,-3,-8,8,-11,-5,4,-6,-5,-33,49,0,-5,-30,6,-7,-2,-33,5,5,12,-4,6,-4,-4,-3,4,2,0,4,2,5,29,-2,5,8,6,-17,11,2,-7,-83
-3,13,-5,7,-5,28,24,3,3,-10,0,16,13,-2,22,-1,3,3,-6,8,-5,0,-15,-1,0,-4,7,5,0,-3,-1,-43,4,-2,-3,5,2,4,-5,3,-6,5,-16,-7,4,8,7,1,6,-7,3,-7,-3,1,11,3,0,2,3,12,-54,-7,-18,16
-2,-37,4,-6,-7,28,31,3,-4,0,2,-1,3,4,14,5,4,-1,2,-71,7,-4,-4,8,1,-4,-6,-15,5,9,5,-92,-10,-5,-3,-76,-6,3,5,-22,6,8,-19,-2,6,-5,1,-9,-6,-3,-8,6,-3,1,-6,0,-7,6,3,-2,0,2,-23,-8
-1,-2,-4,8,3,-6,4,5,-2,-40,4,-18,11,-9,4,-5,0,-5,-3,13,3,1,-24,-1,-8,-5,-35,-30,5,8,-6,4,-11,-4,-2,-3,6,-7,0,-9,6,-3,2,4,-3,7,5,-10,3,0,0,1,6,-5,-12,7,-5,-6,-4,-8,-23,3,4,-1
1,8,-3,-1,0,32,18,-6,1,13,5,18,6,4,2,0,-4,12,5,32,4,-1,-2,-7,6,6,21,15,3,0,-8,-17,-2,-2,-4,19,-2,5,-5,1,-3,4,-6,5,5,-1,7,11,7,8,-5,6,-1,-4,8,-4,-4,7,8,7,-6,-1,-13,2
-4,-48,5,0,7,-14,-15,-8,-3,-58,-2,-15,5,-4,-3,-6,3,-51,6,-49,-8,7,-24,2,0,1,-12,-14,7,-42,2,9,1,-8,0,-28,5,4,7,0,-8,-6,9,4,2,0,6,-9,-3,6,4,-3,4,-6,12,-3,6,3,7,-29,-17,-1,7,12
8,2,1,8,4,24,19,-4,-1,-20,1,11,8,-8,-17,0,-4,8,-6,22,-3,0,-4,5,-4,-5,1,1,-3,-26,-3,-14,9,3,-5,42,6,-5,1,6,-7,2,11,-5,4,0,8,-4,4,1,8,-5,1,-6,10,6,-1,-5,1,1,0,-1,-12,1
-3,-33,6,-2,-3,-27,-21,-5,2,-26,-6,-25,-7,-16,-1,3,1,-44,7,-47,0,4,-14,-1,2,7,-15,-20,6,-15,4,18,13,-2,-8,-13,5,-7,2,-7,-5,-6,12,-1,0,-1,4,-14,7,-1,3,7,-5,4,-6,0,-1,-3,2,-19,-30,0,-9,-3
1,-16,2,6,-4,6,35,-2,-2,-96,-4,-15,13,3,18,0,-4,-14,-6,-15,-2,4,-68,4,0,-1,-8,-13,0,-23,-5,12,-2,3,1,-44,7,5,-3,10,7,-3,6,1,-5,-7,-3,-21,-2,0,4,-5,1,-6,10,-7,-7,-3,-1,-4,-13,0,14,26
3,-35,0,-2,-2,27,3,-2,3,-33,-2,4,3,2,-16,-6,2,10,-5,-21,3,7,-14,-5,1,-4,-7,-7,-5,4,2,-22,-10,1,3,5,-1,-7,7,-12,-5,-1,8,6,-2,1,-4,-9,-1,3,6,-5,1,3,-10,8,2,3,-3,1,8,-4,5,1
-8,15,5,5,5,-38,-22,4,-6,9,8,-11,8,-23,-7,1,2,-33,5,-35,-1,6,8,1,6,-5,-31,-38,-8,11,-3,-40,14,4,-7,-8,-7,-2,-6,-8,4,-8,29,-1,2,1,-2,-7,1,-4,-1,2,-5,1,-5,2,6,5,2,-13,-38,5,8,11
-4,-19,2,-5,-1,24,27,6,1,-19,-4,8,-19,-6,-22,-3,-8,-18,-3,26,-6,-1,3,-5,-3,-1,32,23,-7,-4,1,-11,-6,5,8,1,3,2,4,-2,-7,6,-8,0,0,4,-5,-3,6,7,5,2,-7,6,-10,6,6,-4,-3,3,5,3,8,-3
-2,-37,5,-1,1,-31,-15,-6,-5,14,4,1,-12,7,-3,3,6,-12,5,-51,5,1,8,2,-5,-1,-32,-8,6,9,-5,1,-20,5,8,-11,1,5,-6,-2,5,-4,-3,1,-1,5,2,2,-4,-4,7,-4,1,-7,-10,3,3,2,-2,-8,35,6,4,-24
3,1,-1,-6,-3,-7,-2,2,1,-56,-2,-16,-2,-6,-4,5,-7,-57,-2,-11,5,7,-34,0,7,3,-12,-20,1,-41,2,12,12,-1,-8,-22,0,5,7,-8,-6,7,-16,-6,1,-3,6,-23,-5,-5,8,5,0,-7,5,-5,5,8,1,-20,-57,-2,4,-3
-2,7,2,2,7,-27,-19,-4,-5,-18,-6,-22,-1,-25,-2,7,2,-46,-6,-34,-3,6,-8,-1,0,-5,-14,-22,0,-31,0,36,13,7,7,-18,0,-4,6,-10,3,0,12,4,-3,6,7,-17,-7,8,4,-5,7,2,0,-2,5,0,0,-9,-25,-1,4,5
-2,-33,6,1,-6,1,-1,-5,6,-15,2,-11,-6,-2,-2,1,7,-1,-6,-43,-7,7,10,-7,-2,1,-20,-14,5,-1,-1,19,-13,8,-5,7,-1,1,-1,-5,-4,-3,10,2,2,2,-7,-5,0,0,6,6,-3,-4,-6,0,1,3,6,-7,30,0,7,-7
-7,-6,2,-5,-8,-9,-13,-1,0,6,5,4,-1,-29,-3,1,8,-11,0,0,4,7,0,-5,-1,1,-20,0,-7,14,2,16,8,3,-5,23,-7,-5,-6,-14,3,-6,7,-7,7,1,-6,-16,2,-8,-1,0,-2,3,5,-5,-5,3,-6,-6,-7,1,-38,4
2,-8,-2,7,0,58,-15,6,5,-70,0,0,-13,-6,-9,-2,6,2,-7,-6,-4,-7,-17,8,0,2,4,-3,-2,-8,0,-28,-2,-5,-4,-13,8,4,7,-17,-4,-1,12,-3,-5,-8,1,-18,6,-2,-6,-2,6,-4,0,-3,1,0,-7,-9,-4,8,8,7
-8,-14,3,-2,-3,-22,-11,-6,5,12,-3,-12,-14,-10,-3,-5,-1,-34,-1,-101,2,7,-1,5,-6,5,-106,-55,8,14,-2,-127,20,-7,-4,-37,6,-2,-7,5,2,-3,19,8,-5,2,7,5,3,0,3,7,1,-2,1,-7,-3,2,-5,-56,-24,-3,-29,11
1,9,2,0,-4,-11,-5,2,-4,0,6,6,5,7,25,7,5,2,0,17,-3,4,4,0,4,6,20,6,-5,8,6,-7,0,4,8,24,1,-7,2,13,-6,3,7,-7,-6,-1,6,7,-8,5,-6,-8,2,-7,8,-5,5,2,-1,-6,28,-5,3,2
7,-55,8,-7,6,8,17,2,5,-4,-5,-10,12,-2,25,-4,4,0,-2,-6,-7,-5,6,-8,4,3,-44,-35,-6,-31,-4,-11,-3,-4,5,48,7,-4,-3,-78,8,7,1,-5,8,6,8,32,-4,2,7,8,-2,-3,-2,-4,-7,1,-7,-23,-55,1,-5,-12
-1,8,-6,-3,-2,-6,-5,0,-7,-18,8,-15,0,-8,-17,5,6,-22,4,19,-1,8,20,6,3,-3,-17,-22,-6,-22,5,15,20,-1,4,31,4,5,5,1,-2,0,5,2,5,7,5,1,5,1,-3,0,3,0,9,0,8,-7,4,0,-31,1,16,18
-5,-60,7,4,-5,-1,0,3,6,-1,4,2,-5,8,5,-3,-1,1,-3,-28,7,0,2,7,2,-1,-31,-9,-4,21,3,-5,-30,-7,-2,-20,1,3,4,-4,4,2,-4,5,-5,5,2,1,-1,-6,4,-7,3,4,-3,0,-5,-5,-8,0,12,7,-4,-10
6,-5,-3,4,-1,1,2,-2,8,-17,-4,3,2,14,4,-2,8,-28,-4,14,8,2,5,4,2,1,-15,-9,3,-3,5,-4,13,5,-7,-4,-2,2,2,8,2,-1,-6,6,-3,4,-2,-13,6,-3,4,-4,1,-1,-6,0,-5,3,1,-12,-42,3,29,-2
-3,-39,7,0,-7,-53,-17,-6,-4,-60,8,-4,4,-10,-17,-4,8,-24,-3,13,-4,5,-65,-2,5,8,3,5,3,-16,0,29,-13,-1,2,9,3,3,-5,5,-4,2,-12,7,5,-5,0,-4,4,-3,4,7,3,-5,0,-5,8,7,1,8,-4,-3,6,-6
4,14,8,7,-1,38,22,8,-1,-8,-1,18,17,12,7,2,3,7,6,13,-7,-6,-14,4,4,7,33,19,-2,-13,-6,-27,7,4,-1,4,2,2,-5,10,-4,6,-8,-8,-2,4,-6,11,3,-5,7,5,7,0,16,-2,0,-3,-1,18,-22,-2,-19,19
4,5,2,8,1,30,18,0,-8,-6,-4,6,8,7,32,5,7,-4,7,11,8,5,-7,5,-2,-5,-7,4,2,12,7,-40,13,2,-4,-34,-7,-2,1,7,-3,-1,-10,-4,7,-5,-2,1,-3,6,-3,-1,-2,6,12,-4,2,2,-1,6,-33,7,-19,11
3,20,-3,-4,6,-1,2,-4,-2,-9,-4,-11,-5,0,6,2,4,-33,-2,-46,5,4,-14,-5,2,-3,-28,-8,-6,-29,2,-2,-4,2,-6,-20,2,-4,-1,0,2,-1,9,6,0,7,-5,2,7,4,-6,7,7,8,-6,2,-4,1,-3,-2,-9,-2,5,-2
-4,26,-4,-7,1,4,2,4,3,10,0,10,-2,-1,10,8,4,20,-5,-17,6,0,8,-6,4,-4,39,20,-1,-33,2,4,9,-2,3,-9,-5,-5,-3,-4,1,-2,-2,-6,5,4,2,-1,7,1,3,-4,-2,6,4,-6,-7,-1,-3,3,-7,-5,9,12
-1,-3,-6,-3,1,2,-6,-4,6,-17,-2,-7,0,-9,31,5,-7,-3,7,-16,7,1,-28,7,-3,4,-15,-36,-1,8,-5,-10,-21,3,-7,-108,7,5,0,19,-5,5,14,-1,-5,-3,-5,-5,4,1,-1,6,4,-5,-18,-7,7,0,3,3,-11,2,-19,-3
-4,4,4,2,-6,16,10,-2,1,0,-1,4,7,3,2,4,-1,10,6,9,2,-2,0,-6,8,-4,-4,-12,-2,-20,1,-88,0,-3,5,27,1,-6,-2,9,6,3,-12,-2,-3,-1,7,5,3,-5,6,-7,6,-7,9,8,7,1,-5,-9,22,-2,5,5
-7,1,-5,-8,-2,-7,2,7,1,-5,-5,3,-4,-6,-7,4,-2,2,6,-4,7,-7,-1,-2,4,-7,3,-2,5,4,-5,3,-4,3,-7,2,7,-3,-7,-2,0,0,3,-3,6,-4,-7,-2,-6,-4,1,-6,-7,-5,-3,0,3,8,-8,-6,5,7,-6,-4
-1,24,4,0,-6,13,-3,-6,2,22,5,14,5,-5,10,-3,-6,10,5,38,3,-1,-10,-4,8,7,15,14,2,7,-3,-29,20,-5,7,12,-5,6,2,-6,-2,0,6,2,8,-6,-4,0,3,-3,-2,-4,-2,7,3,-8,7,2,-7,5,-24,2,-11,9
-6,-56,7,1,4,-26,-11,7,-8,-22,-4,8,-18,-27,-27,-1,7,-57,7,-11,-3,-4,-20,3,2,7,23,14,0,15,-7,-10,6,3,7,10,-3,0,6,0,7,1,2,-2,-1,-2,7,-6,0,4,-6,-6,-7,-3,0,-1,1,5,4,-15,17,4,-8,1
2,3,-7,4,-6,32,30,-5,-4,-4,-6,9,4,7,-4,2,3,-1,8,-22,-6,3,-5,-6,2,-3,-1,-26,-4,-17,-2,1,3,3,-6,-10,-6,-3,-1,-2,-4,4,-22,2,-2,-1,-1,5,1,-5,8,7,5,-6,1,5,8,2,-2,10,-20,8,-46,0
-1,23,-2,3,-5,-20,-15,-4,7,-59,-3,-10,-9,-17,6,6,5,8,5,-51,-3,-3,-52,0,6,1,-5,-12,-4,-46,-6,16,-19,1,1,-32,5,-3,1,40,2,-2,0,-7,1,-2,2,-29,-2,1,-6,0,-6,4,-13,1,-1,-3,1,-49,-13,-5,8,-3
3,-87,0,-2,6,2,4,5,-3,-127,5,-9,5,-3,5,4,-4,-26,0,-45,7,6,-66,-7,5,-4,-27,-18,5,-49,-1,-11,-27,-6,1,-46,-1,1,-7,12,-7,4,-14,8,-3,5,-5,-13,4,-5,0,-4,-1,7,6,-3,1,-2,5,-9,-12,3,-10,-3
