1,-5,7,1,-13,-5,16,3,-20,0,-2,-4,7,2,-3,7,1,-4,11,-12,-24,4,3,3,-96,-14,7,-2,0,0,10,2,3,8,-25,7,-7,0,-6,-11,-29,-111,-6,3,-3,-2,-3,-127,5,6,3,1,-1,3,-17,-16,4,-10,5,-1,0,-7,12,-2
0,7,-2,-6,-5,-8,19,-4,-22,-8,-6,3,3,-2,-3,-3,5,0,11,0,-35,-5,6,0,-36,-44,3,-3,-5,-5,14,-1,-12,6,11,4,-12,7,1,-15,-40,8,-18,2,9,-5,3,-15,-3,5,-1,7,-6,15,-44,-17,-6,-15,-5,4,4,1,26,-16
8,-8,6,6,-19,-6,11,-1,-31,-4,4,-6,2,-6,3,6,-3,2,28,23,-20,3,1,-5,-28,-2,-4,1,-6,-1,6,2,-4,-2,11,6,-11,7,-6,-9,-36,2,-10,-3,11,6,5,1,3,2,17,-7,-4,14,-39,-31,-6,-2,-2,7,0,3,0,-8
2,3,-5,1,22,7,-42,-4,4,3,5,6,7,-3,-6,7,-4,7,24,-11,-1,5,-7,7,-23,-3,-3,0,-5,-7,14,1,5,2,-11,-1,-6,-32,8,1,-3,8,6,6,-19,2,-4,-5,-2,-1,-16,8,3,-4,-10,-14,-1,6,-2,2,-1,5,-11,2
-2,-2,7,-7,5,-2,-2,7,5,1,3,5,6,2,-5,0,4,-2,12,-2,4,-5,8,-1,-37,-5,-1,-7,6,2,-19,-5,-22,-4,5,0,-3,23,2,-17,-20,-10,-16,3,14,7,-5,-24,2,-2,8,-1,1,13,-2,-24,-3,-124,7,6,-3,-2,18,-42
8,2,3,-4,-10,-6,9,-7,-1,-6,4,6,-6,-4,-7,-4,8,1,-1,2,0,4,0,-2,-18,-5,-2,0,-4,5,-1,-7,-48,1,38,-4,8,2,-3,-13,-4,-26,-2,-6,-5,3,0,15,6,-7,-4,-7,7,-5,5,-20,-5,1,-6,4,-1,-8,9,5
2,5,-6,8,20,-6,11,6,-6,-5,4,-2,1,3,-7,-2,-5,-1,21,6,-4,-7,-4,4,-23,5,1,-4,-2,1,22,0,1,-1,-14,3,-7,-29,7,-12,-15,-88,-6,-4,2,4,7,-115,8,-1,-99,-4,5,-18,8,-4,3,2,0,0,3,1,-6,0
-4,-2,3,7,-21,-5,2,7,6,3,-8,0,-5,2,5,-2,3,-1,-16,-13,4,6,-5,-7,-4,-10,0,2,-5,-7,-14,2,8,-6,2,1,-27,0,-1,-15,49,-32,-11,3,-3,2,-2,-70,-6,2,-6,2,-7,4,11,23,6,-18,5,-4,-5,-8,3,-26
-4,-6,-3,-5,-2,1,-14,0,-12,5,-3,-6,0,8,-1,7,1,-6,12,-14,-3,-3,8,5,-20,-20,3,-7,6,-3,-1,0,-17,2,10,4,-4,2,0,4,20,-10,43,-8,-7,-4,-1,-19,8,-5,2,-8,-7,0,17,-31,8,-13,6,5,-1,3,9,-12
-7,-3,-8,3,0,-2,-2,4,7,-5,-5,5,1,-7,0,-3,0,1,-3,13,6,8,6,-6,12,9,-7,-6,-8,0,-9,-7,8,1,-2,6,10,-2,-7,9,14,-8,8,-7,-3,-8,6,-1,-4,-4,-1,7,-3,-5,-4,-4,6,5,-2,4,0,-7,13,9
7,7,5,0,-61,-2,-12,4,-26,8,8,-4,7,-1,-7,8,2,8,-17,-3,-27,-4,-5,-6,-20,-7,-3,2,-5,-2,21,1,-21,1,-1,-4,2,-6,7,0,-38,-4,2,1,-1,-5,0,-25,7,-7,-6,4,-1,4,-30,-3,-5,-2,-6,8,-7,-2,6,-3
-5,2,4,6,-10,8,-12,2,16,3,2,7,-5,-2,1,-5,-2,-7,-12,10,14,-7,-7,4,27,23,-2,-7,4,-4,-3,2,10,6,-11,-8,-14,-9,4,-7,20,-26,-5,-2,-1,-4,-5,-22,-1,2,-9,0,2,-6,8,7,2,-1,2,2,-3,8,-7,-1
-6,5,5,-1,-51,2,-33,6,-47,-7,-7,-6,-8,-8,6,-1,0,-2,-49,10,-43,-1,5,3,-51,-15,-6,8,6,-6,-58,3,-1,-5,-1,-3,3,2,-6,0,-41,4,0,5,9,0,0,-7,2,2,-1,2,-6,5,-7,-67,3,-5,5,3,5,5,18,-7
6,2,6,4,-10,-7,-25,-4,0,-3,3,0,2,7,4,3,3,-1,-123,1,-7,0,-6,-5,-13,-10,3,-5,-5,-4,-48,2,-3,4,2,-4,-2,4,2,-3,-12,12,2,6,5,-6,7,-11,-4,-3,3,5,5,5,-4,-8,4,-1,1,-8,-5,1,2,1
-3,0,5,3,-22,-4,-4,-4,7,1,-3,-5,7,-7,-2,-5,6,-7,-18,-14,8,-6,0,-3,21,-10,-6,-6,1,-8,-16,-5,7,-8,-5,3,-28,-4,-2,-9,55,-35,-6,3,-6,4,-3,-69,1,-8,-7,3,-1,1,14,20,-3,-14,1,0,1,7,10,-24
4,-7,-2,-5,-33,-4,25,2,-21,2,8,-5,4,-3,0,0,2,4,-2,-24,-13,3,-2,-4,-38,-2,-6,7,4,7,2,-4,-78,4,-5,5,4,13,0,1,-62,-14,0,-7,-15,-7,-7,2,2,3,21,5,4,0,-64,-37,-3,0,0,2,-3,4,-7,2
2,-3,-4,3,9,4,2,-3,1,2,5,0,2,-3,-7,0,-5,1,1,22,-4,3,0,-8,-7,-14,2,-4,-2,-5,15,-5,16,-5,7,6,-4,17,0,-3,-9,12,0,-2,27,-7,0,0,3,3,8,-2,-2,3,-13,-18,7,4,-1,0,-5,4,4,3
7,8,4,-6,-69,8,3,-7,-121,-4,4,-2,5,6,-4,-2,0,-5,10,-14,-40,8,6,-1,10,-48,0,-7,2,-8,-76,-4,5,-5,23,7,-4,1,-7,-11,-48,-26,-12,-6,-5,6,-4,41,4,2,16,-4,-1,9,-15,-11,1,-13,8,1,-3,2,13,-20
8,-4,-6,7,-79,-6,10,6,3,5,7,0,-1,-7,6,-4,5,-6,1,4,5,2,5,7,-2,-1,-6,-7,-3,-4,4,-2,0,-1,-7,4,-44,-29,3,-39,-2,-36,-11,3,-2,3,7,-13,0,7,-22,2,0,-5,1,-21,2,-4,0,1,5,-8,19,-21
-4,-6,-4,1,-13,-1,-10,0,13,-4,5,-8,4,6,-3,-2,3,7,-2,10,17,5,-5,-8,-5,7,2,4,4,2,-11,-4,-36,8,1,0,3,-4,-6,7,-22,11,11,7,-13,-8,1,-15,5,8,-1,-7,-3,-4,-5,-42,-8,10,5,0,-4,-4,15,6
1,7,8,0,-16,1,-17,5,26,0,6,6,8,-2,3,-1,8,2,-11,34,27,6,-5,4,39,26,-1,6,-7,4,-19,7,-37,1,-11,0,18,-6,1,17,-44,17,15,-8,-8,3,-1,-18,4,-5,-17,5,7,-14,3,-55,8,13,3,3,7,6,10,17
-1,4,-2,1,-26,6,-26,-3,-29,6,2,4,-1,2,-5,3,3,-8,-26,5,-13,0,-4,4,-48,-13,8,4,8,-1,-16,0,-27,-6,-25,4,7,-122,-5,-15,26,-23,-5,-5,0,0,3,-57,-3,-2,-21,-6,-3,-9,-26,-60,8,7,5,-4,-3,-3,32,-1
7,5,-3,-6,-14,-3,-9,-7,17,-1,-4,2,-1,-1,2,6,2,-2,-8,8,10,-4,2,6,5,13,-4,-1,-1,8,-7,2,1,2,-6,5,0,-7,-7,2,19,-19,2,4,-7,4,0,-45,-5,1,-7,1,7,-3,7,15,8,1,-7,-4,6,-1,-8,3
2,5,1,2,4,-5,11,8,-46,-6,1,5,5,-6,-2,2,-6,-6,9,-17,-45,0,-1,-7,-7,-30,2,-1,-2,-2,14,-8,0,-3,3,0,-5,-8,-2,-1,-7,-24,0,8,-6,8,-3,-19,7,2,-5,-3,5,-6,-4,-20,0,2,-4,5,3,3,-15,-1
-1,0,3,2,14,-3,4,2,-29,-5,7,5,-1,4,5,6,6,-2,23,-6,-25,-4,5,-7,-47,-49,4,-1,-5,-1,-12,6,-8,1,2,-2,2,-2,-4,-9,-47,-19,1,-3,7,1,1,-31,8,-6,20,6,5,11,-44,-13,3,-2,-5,-2,-4,-5,13,-11
-6,6,-7,-7,0,-5,3,-1,6,-1,-5,-6,-3,-6,-3,-5,0,1,5,18,0,6,3,-5,7,18,0,-1,-1,-6,3,3,14,5,2,-3,-6,-2,5,-5,-1,-3,-6,-4,-9,0,-5,6,7,5,1,8,0,-3,-30,1,2,-4,6,-5,7,-7,-33,-8
8,1,4,-4,25,2,-1,2,-73,7,1,4,-7,6,5,-6,0,4,28,-37,-62,0,4,7,-90,-81,4,-2,2,-2,-10,-2,-10,1,14,-5,-15,-12,6,-11,-47,-118,-9,3,5,-7,-5,-65,5,0,19,0,8,12,-33,-14,1,-3,7,-6,2,3,19,-21
4,-2,2,3,-11,0,1,-7,4,-7,-3,-7,-1,-6,-2,-8,6,-4,6,-11,8,4,5,7,29,-6,-1,1,2,-4,22,0,21,-4,12,4,-5,12,8,0,7,10,-2,7,14,6,4,27,-8,-2,12,5,-3,-7,-45,-43,-6,3,7,-6,-7,-5,-8,-4
-4,-2,5,-4,3,-6,-3,-3,-7,7,-6,-8,-7,-4,1,-3,-3,4,-9,4,-1,-3,1,-1,-1,-5,-1,-2,2,-4,0,5,-6,-1,-1,1,-8,-1,5,-6,-6,1,2,-5,2,-7,1,3,2,-5,3,8,0,-8,4,-2,5,3,6,1,8,1,-8,-3
6,-6,8,6,-4,5,19,0,-36,-1,-5,-3,0,8,0,1,7,5,20,-23,-17,4,-3,-3,-38,-39,-8,7,-4,2,4,5,-7,0,2,3,-22,7,6,-10,-36,-5,-10,0,-5,6,3,-10,-2,6,22,-6,-3,16,-62,-18,8,-10,2,-6,4,-8,-21,-14
2,4,4,-1,-17,8,-10,-3,8,8,-1,1,-7,0,-1,-1,0,8,-1,14,6,-7,-1,-4,10,11,-5,5,7,-5,-20,-2,-31,-5,-7,5,10,6,-3,9,-29,3,10,-3,5,2,6,-17,-2,-6,-8,5,1,-4,-4,-39,6,9,7,7,8,7,6,10
0,6,7,-4,20,5,-4,-8,1,4,-6,-4,5,2,4,-4,5,-7,6,-7,2,-4,-6,1,-19,-5,6,2,8,-4,-21,2,19,5,-16,-6,-13,-9,4,-24,-11,-50,-12,0,25,4,-4,-22,-7,-2,-25,6,1,-2,-1,-22,-7,-19,-3,-7,7,-8,19,-16
6,8,-7,6,-58,3,-6,5,63,3,6,-4,0,-3,-6,-3,6,7,-30,47,42,-6,5,-1,45,46,1,-7,-5,-5,-52,-7,-67,5,-24,-5,15,-31,3,13,-102,-9,9,-8,-28,-3,-1,-33,1,1,-3,-6,6,-24,11,-78,-3,5,5,-1,-4,-7,28,14
3,-1,7,-6,-48,-5,-3,2,-45,-7,7,-2,2,1,-7,-5,-3,1,11,-18,-9,-4,-6,-3,-52,-5,6,0,-2,2,-2,-3,-96,-7,10,-2,-31,9,7,-28,26,-13,-38,7,-22,-4,5,-6,1,1,-27,7,7,11,39,-74,-5,-9,-2,-1,8,-2,18,-40
-5,1,-2,0,9,-2,-26,1,-19,8,7,5,3,8,2,1,1,3,6,-17,3,-6,-3,2,-46,23,-4,1,0,2,-3,3,-19,4,4,-3,1,1,4,-10,31,6,-8,2,-3,0,-4,-25,-4,0,3,3,4,0,-10,-41,5,11,7,2,-1,-2,-4,-3
4,8,-2,5,-25,-6,-1,7,6,3,3,-5,-6,3,-3,-2,-3,8,-11,5,-1,1,4,1,9,-3,7,5,1,-4,-16,5,-14,-3,-6,-7,-4,-18,7,-5,-27,-25,-3,7,-24,-3,7,-12,-8,-8,-6,0,-8,-8,3,-32,-3,-9,2,-4,-5,2,10,-12
-3,4,-1,-3,-16,6,-15,3,23,-5,-5,-5,7,-8,2,0,1,0,-6,25,19,-5,6,0,19,22,-1,1,-4,-3,-12,4,-15,0,-1,6,21,-3,2,16,3,4,13,-2,-7,3,7,-8,7,1,1,-6,-2,-4,2,-25,-1,11,-2,-2,2,3,16,16
-1,-1,0,2,-4,1,-9,-1,4,4,3,-1,3,8,8,-7,-3,5,2,5,5,2,4,-1,13,10,3,-2,8,-8,-41,4,2,-8,-7,-2,-127,-5,-1,-59,-24,0,-116,1,-3,1,3,-19,0,-1,-3,2,-5,-4,-11,-2,5,-80,-6,5,-5,1,-10,-124
-2,3,-6,-8,36,2,8,-7,-28,7,-1,-1,-6,-3,-1,-5,-5,1,-2,1,-36,-4,-5,4,-7,-33,-3,0,-6,-1,12,2,-12,2,-7,-6,-7,-5,-7,-8,-65,-22,-10,-1,6,-4,-3,-60,4,2,-11,2,-3,14,-29,-2,-2,-11,-1,0,4,-6,1,-9
7,0,7,-2,-26,-6,11,0,-19,1,2,-3,1,3,5,7,-5,-6,12,-11,-22,0,6,4,-27,-14,6,0,-2,-3,4,5,-11,0,3,0,-43,-11,3,-22,-13,15,-46,-1,-8,1,-1,-50,-4,-1,-8,3,0,19,-4,-23,4,-29,4,0,-2,1,-22,-35
6,-1,-1,6,8,1,1,-2,-21,-8,-1,1,-6,-7,-5,1,-4,-3,22,26,-4,7,4,4,-12,0,2,-3,8,-1,-9,-3,-7,2,8,-8,-4,-8,-3,-4,-45,-4,-3,-4,-10,-4,-4,-2,-7,6,4,3,-5,-1,4,-6,-1,-3,-6,-8,1,3,-4,-2
3,-4,5,-7,-16,0,-12,-1,16,7,1,-3,2,-1,5,0,5,6,-7,-2,13,7,-2,-4,24,-6,5,-2,3,0,-18,7,1,5,-5,6,-28,-7,-8,-10,5,-14,-7,3,-9,-6,6,-16,1,4,-6,-8,-1,-4,2,8,-6,-14,-7,-6,-1,7,5,-42
3,-1,-3,8,20,-6,-8,-6,-16,-3,-6,0,-8,-4,-5,-8,-4,-5,-16,-5,-25,-6,5,6,-44,-18,6,8,-2,-7,-8,-5,-19,1,7,-8,-4,-6,2,-6,-28,2,-1,6,2,7,-5,-28,1,1,-4,0,-2,8,-42,-16,3,-4,6,-2,7,7,5,-1
-8,4,-6,5,8,8,-30,3,-20,3,-3,7,5,4,2,-3,6,5,17,24,-14,-8,-7,3,-40,-1,-3,-5,-1,3,-30,6,-41,-3,-14,-3,12,-48,3,12,-12,10,9,0,-8,8,-1,-38,1,-6,-10,8,-1,-7,-9,-34,-3,2,3,4,-7,-6,29,11
4,-4,1,-6,-117,8,-1,6,-81,-8,-2,-5,-5,5,-4,2,3,-1,23,-63,-37,-6,4,7,8,-127,5,7,5,3,-121,-2,-5,-7,-4,3,5,-9,5,4,-9,-2,3,3,-6,-6,-5,-8,5,-2,-9,1,6,-7,-1,6,6,3,-3,-5,-6,-7,1,4
5,0,-5,-6,25,-8,3,-7,-50,3,7,-3,-4,2,0,-7,-4,0,27,-29,-46,3,-3,1,-60,-69,2,0,-6,-6,-15,1,-10,-4,17,-4,-10,-4,6,-15,-74,-62,-2,-8,5,-3,-7,-18,-3,4,17,5,-2,14,-41,-15,4,-11,-1,-3,-4,8,11,-7
-3,5,5,-4,-35,2,22,-1,-31,-8,0,8,2,-1,0,6,1,0,16,-16,-25,4,-1,5,-11,-36,-8,-4,-3,0,-40,-7,-2,7,15,-4,-19,17,-2,-9,-46,-5,-9,0,15,0,8,30,1,6,19,7,-4,11,-58,-31,-5,-6,4,-4,5,-7,-9,-5
-1,5,4,6,-5,-3,-10,-4,13,7,0,-2,1,-2,3,1,7,1,-2,16,11,-7,-6,2,24,8,5,6,-3,1,-4,1,19,7,-6,1,8,3,-6,13,-1,-10,5,5,17,1,5,-4,1,1,-3,-6,6,-4,0,-8,-6,9,1,1,-8,8,17,12
-4,1,4,0,-20,-5,21,-3,-29,7,6,-1,2,1,-4,3,-3,8,19,8,-29,-8,1,6,-40,-28,8,6,4,6,5,-4,-22,-1,9,-1,-8,5,1,-7,-31,12,-9,2,15,2,-3,-19,-2,-4,5,-1,0,9,-38,-35,-6,-13,-4,-7,-3,-7,12,-9
6,5,6,-1,-8,6,-11,7,8,4,8,5,4,-4,2,5,-6,5,0,-6,9,1,-2,0,2,-9,-4,-3,5,-6,-3,-6,-3,5,-18,1,-4,-16,-2,-1,19,-34,-10,8,-6,7,5,-35,-7,7,-14,-8,-3,-4,5,-7,5,-3,0,5,4,1,14,-3
0,-6,-3,4,13,5,10,0,-12,2,8,-7,-4,8,3,-7,-2,-7,9,3,-14,-5,7,0,-32,0,-7,-5,-6,-1,4,5,10,4,-6,-3,-8,6,6,-6,-6,-116,0,-6,3,8,-8,-60,-7,1,1,2,-2,8,-6,8,2,-2,1,6,-6,-7,3,-14
-1,7,-1,-7,0,-5,-5,7,0,7,3,-3,-8,3,8,4,-5,-2,-10,9,-1,2,-3,4,4,-7,2,-3,-2,4,-8,1,7,-1,-6,2,12,-13,4,13,9,-25,-17,-4,-16,5,-2,20,-1,7,-8,-1,4,-2,0,21,7,-16,2,0,7,1,12,-9
4,-6,3,3,-45,-3,-1,0,-8,5,6,-1,-4,-2,4,6,-7,-8,-27,14,-29,0,-4,-5,-35,-13,8,5,5,-5,-25,8,-45,4,-37,6,-60,-12,-6,-11,-54,-24,-34,1,-24,-5,2,-25,-7,2,-17,3,3,-18,19,-13,6,-2,5,-5,4,1,-1,-62
-5,-1,0,5,1,6,-9,-6,-14,6,-8,4,-1,-3,-1,4,4,7,11,-16,-15,1,1,-4,-30,3,-2,6,-5,-7,-6,-5,-13,-4,-2,-4,-20,3,-5,-13,-17,0,7,-6,-11,-6,4,-4,-4,-5,3,7,5,-2,-7,-37,4,-16,7,5,7,-5,3,32
1,2,1,-1,-79,-7,-8,1,-13,6,-7,0,-5,-7,-1,7,-1,-6,17,-11,-13,-5,8,6,-72,-30,4,-2,5,-6,6,3,-78,-6,2,4,3,-8,-1,-7,-67,-29,-3,6,-11,0,-1,18,3,5,24,-7,-4,3,-64,-15,0,-4,-3,-5,-3,7,18,-7
7,1,2,-6,5,-6,-13,5,-11,8,3,-5,0,5,-3,0,5,-5,9,-31,-2,0,7,4,-34,-36,-7,-4,-2,-4,3,1,-5,6,1,7,25,-1,-3,12,-5,12,1,3,-18,-7,4,13,2,2,-2,6,1,5,-11,-21,4,-3,-3,-4,4,-4,-29,1
2,1,4,8,-57,-8,10,-5,-13,-4,-6,-7,5,-5,-4,-3,0,7,18,-12,-31,5,5,5,-67,-30,0,6,5,-5,13,5,-59,-6,13,2,-15,11,-5,-17,-64,-23,-13,-3,-7,5,-3,18,-4,2,20,-1,8,15,-53,9,2,-16,-8,4,-5,7,18,-9
-1,2,3,7,0,0,7,-2,-5,-8,8,-3,-2,-6,-3,6,-5,-5,-2,-4,-4,-5,-2,0,-11,-6,-7,-5,-4,3,6,4,-5,-2,0,0,-12,-2,-4,-9,27,6,-4,1,7,6,2,-32,-2,-1,-2,7,-7,-3,7,4,6,-5,4,-5,1,3,-12,-7
-1,2,-8,-2,-18,-4,9,-1,3,4,6,5,-3,3,-3,-5,-1,1,5,-25,-5,7,-3,2,17,-10,6,-1,0,0,-2,0,-53,-1,0,3,-20,5,6,-25,-21,10,-15,4,-12,-5,-6,-12,4,1,14,-4,-2,-4,35,-36,4,-25,2,8,0,-2,-1,-23
3,8,-5,-5,19,-7,5,4,-32,0,-4,-2,-5,6,8,3,5,1,15,-15,-34,-5,-7,4,-46,-33,-5,-8,-6,4,22,3,-9,-7,2,4,-18,-4,-2,-18,-23,1,-19,-1,3,-4,5,46,4,-4,1,-1,7,2,-42,-16,-1,-20,4,4,-8,-8,1,-20
-1,-2,4,4,41,-5,16,-5,-45,3,-7,-5,7,2,2,3,6,1,9,-4,-50,-8,0,3,-26,-47,-2,3,6,4,25,-6,-10,-3,3,0,-18,-3,-3,-14,-77,19,-7,1,12,6,6,-28,0,-6,-10,-8,4,20,-46,-10,-6,-13,4,-6,-7,-7,10,-8
-7,-2,4,1,23,5,19,-5,-23,-1,-1,8,1,4,7,-5,-4,8,14,-10,-18,8,2,-7,-34,-21,7,-1,7,3,16,-4,-3,0,12,-2,-11,11,-3,-12,-12,17,-9,2,12,-6,-3,28,3,-4,9,-1,-5,7,-5,-10,-2,-8,2,7,-3,0,-2,-11
2,5,-2,-2,-18,6,-8,0,-1,-7,3,-2,5,7,6,2,-8,-5,-44,-9,-1,6,4,1,-20,-3,-6,8,3,-1,-32,0,-18,-4,-3,-2,-1,0,-6,-1,13,-77,0,-1,-7,-7,-5,-61,-2,5,-6,-8,1,-4,3,-29,3,0,7,-2,5,-3,2,0
-5,-3,5,7,-5,5,7,5,-28,-7,-5,4,8,7,6,1,-8,3,-10,-18,-10,4,3,0,20,-36,5,-1,1,-4,22,2,11,1,7,0,-1,9,2,-1,5,4,-4,8,21,-7,-3,20,3,4,3,6,-7,-10,-14,-42,4,0,-7,0,4,-7,-2,-6
